CharactersAll[1].KnownPixels,0
CharactersAll[1].OwnedNumMax,0
CharactersAll[1].OwnedNumCur,1
CharactersAll[1].ReincarnationTimes,0
CharactersAll[1].Level,0
CharactersAll[1].Exp,0
CharactersAll[1].ExpMax,0
CharactersAll[1].Stats[0].HPMax,42840
CharactersAll[1].Stats[0].HPCur,42840
CharactersAll[1].Stats[0].ATK,7395
CharactersAll[1].Stats[0].DEF,7395
CharactersAll[1].Stats[0].SPD,12
CharactersAll[1].Stats[0].LUC,2
CharactersAll[1].Stats[0].OBS,1
CharactersAll[1].Stats[0].HealPower,0
CharactersAll[1].Stats[0].RCreates,38
CharactersAll[1].Stats[0].GCreates,9
CharactersAll[1].Stats[0].BCreates,9
CharactersAll[1].Stats[0].PaintPixels,0
CharactersAll[1].Stats[1].HPMax,42840
CharactersAll[1].Stats[1].HPCur,42840
CharactersAll[1].Stats[1].ATK,7395
CharactersAll[1].Stats[1].DEF,7395
CharactersAll[1].Stats[1].SPD,12
CharactersAll[1].Stats[1].LUC,2
CharactersAll[1].Stats[1].OBS,1
CharactersAll[1].Stats[1].HealPower,0
CharactersAll[1].Stats[1].RCreates,38
CharactersAll[1].Stats[1].GCreates,9
CharactersAll[1].Stats[1].BCreates,9
CharactersAll[1].Stats[1].PaintPixels,0
CharactersAll[1].Stats[2].HPMax,0
CharactersAll[1].Stats[2].HPCur,0
CharactersAll[1].Stats[2].ATK,0
CharactersAll[1].Stats[2].DEF,0
CharactersAll[1].Stats[2].SPD,0
CharactersAll[1].Stats[2].LUC,0
CharactersAll[1].Stats[2].OBS,0
CharactersAll[1].Stats[2].HealPower,0
CharactersAll[1].Stats[2].RCreates,0
CharactersAll[1].Stats[2].GCreates,0
CharactersAll[1].Stats[2].BCreates,0
CharactersAll[1].Stats[2].PaintPixels,0
CharactersAll[1].Stats[3].HPMax,0
CharactersAll[1].Stats[3].HPCur,0
CharactersAll[1].Stats[3].ATK,0
CharactersAll[1].Stats[3].DEF,0
CharactersAll[1].Stats[3].SPD,0
CharactersAll[1].Stats[3].LUC,0
CharactersAll[1].Stats[3].OBS,0
CharactersAll[1].Stats[3].HealPower,0
CharactersAll[1].Stats[3].RCreates,0
CharactersAll[1].Stats[3].GCreates,0
CharactersAll[1].Stats[3].BCreates,0
CharactersAll[1].Stats[3].PaintPixels,0
CharactersAll[1].Stats[4].HPMax,0
CharactersAll[1].Stats[4].HPCur,0
CharactersAll[1].Stats[4].ATK,0
CharactersAll[1].Stats[4].DEF,0
CharactersAll[1].Stats[4].SPD,0
CharactersAll[1].Stats[4].LUC,0
CharactersAll[1].Stats[4].OBS,0
CharactersAll[1].Stats[4].HealPower,0
CharactersAll[1].Stats[4].RCreates,0
CharactersAll[1].Stats[4].GCreates,0
CharactersAll[1].Stats[4].BCreates,0
CharactersAll[1].Stats[4].PaintPixels,0
CharactersAll[1].FlagFNT,false
CharactersAll[1].Whereabouts,CreateR
CharactersAll[2].KnownPixels,0
CharactersAll[2].OwnedNumMax,0
CharactersAll[2].OwnedNumCur,1
CharactersAll[2].ReincarnationTimes,0
CharactersAll[2].Level,0
CharactersAll[2].Exp,0
CharactersAll[2].ExpMax,0
CharactersAll[2].Stats[0].HPMax,42840
CharactersAll[2].Stats[0].HPCur,42840
CharactersAll[2].Stats[0].ATK,7395
CharactersAll[2].Stats[0].DEF,7395
CharactersAll[2].Stats[0].SPD,12
CharactersAll[2].Stats[0].LUC,2
CharactersAll[2].Stats[0].OBS,1
CharactersAll[2].Stats[0].HealPower,0
CharactersAll[2].Stats[0].RCreates,9
CharactersAll[2].Stats[0].GCreates,38
CharactersAll[2].Stats[0].BCreates,9
CharactersAll[2].Stats[0].PaintPixels,0
CharactersAll[2].Stats[1].HPMax,42840
CharactersAll[2].Stats[1].HPCur,42840
CharactersAll[2].Stats[1].ATK,7395
CharactersAll[2].Stats[1].DEF,7395
CharactersAll[2].Stats[1].SPD,12
CharactersAll[2].Stats[1].LUC,2
CharactersAll[2].Stats[1].OBS,1
CharactersAll[2].Stats[1].HealPower,0
CharactersAll[2].Stats[1].RCreates,9
CharactersAll[2].Stats[1].GCreates,38
CharactersAll[2].Stats[1].BCreates,9
CharactersAll[2].Stats[1].PaintPixels,0
CharactersAll[2].Stats[2].HPMax,0
CharactersAll[2].Stats[2].HPCur,0
CharactersAll[2].Stats[2].ATK,0
CharactersAll[2].Stats[2].DEF,0
CharactersAll[2].Stats[2].SPD,0
CharactersAll[2].Stats[2].LUC,0
CharactersAll[2].Stats[2].OBS,0
CharactersAll[2].Stats[2].HealPower,0
CharactersAll[2].Stats[2].RCreates,0
CharactersAll[2].Stats[2].GCreates,0
CharactersAll[2].Stats[2].BCreates,0
CharactersAll[2].Stats[2].PaintPixels,0
CharactersAll[2].Stats[3].HPMax,0
CharactersAll[2].Stats[3].HPCur,0
CharactersAll[2].Stats[3].ATK,0
CharactersAll[2].Stats[3].DEF,0
CharactersAll[2].Stats[3].SPD,0
CharactersAll[2].Stats[3].LUC,0
CharactersAll[2].Stats[3].OBS,0
CharactersAll[2].Stats[3].HealPower,0
CharactersAll[2].Stats[3].RCreates,0
CharactersAll[2].Stats[3].GCreates,0
CharactersAll[2].Stats[3].BCreates,0
CharactersAll[2].Stats[3].PaintPixels,0
CharactersAll[2].Stats[4].HPMax,0
CharactersAll[2].Stats[4].HPCur,0
CharactersAll[2].Stats[4].ATK,0
CharactersAll[2].Stats[4].DEF,0
CharactersAll[2].Stats[4].SPD,0
CharactersAll[2].Stats[4].LUC,0
CharactersAll[2].Stats[4].OBS,0
CharactersAll[2].Stats[4].HealPower,0
CharactersAll[2].Stats[4].RCreates,0
CharactersAll[2].Stats[4].GCreates,0
CharactersAll[2].Stats[4].BCreates,0
CharactersAll[2].Stats[4].PaintPixels,0
CharactersAll[2].FlagFNT,false
CharactersAll[2].Whereabouts,None
CharactersAll[3].KnownPixels,0
CharactersAll[3].OwnedNumMax,0
CharactersAll[3].OwnedNumCur,1
CharactersAll[3].ReincarnationTimes,0
CharactersAll[3].Level,0
CharactersAll[3].Exp,0
CharactersAll[3].ExpMax,0
CharactersAll[3].Stats[0].HPMax,42840
CharactersAll[3].Stats[0].HPCur,42840
CharactersAll[3].Stats[0].ATK,7395
CharactersAll[3].Stats[0].DEF,7395
CharactersAll[3].Stats[0].SPD,12
CharactersAll[3].Stats[0].LUC,2
CharactersAll[3].Stats[0].OBS,1
CharactersAll[3].Stats[0].HealPower,0
CharactersAll[3].Stats[0].RCreates,9
CharactersAll[3].Stats[0].GCreates,9
CharactersAll[3].Stats[0].BCreates,38
CharactersAll[3].Stats[0].PaintPixels,0
CharactersAll[3].Stats[1].HPMax,42840
CharactersAll[3].Stats[1].HPCur,42840
CharactersAll[3].Stats[1].ATK,7395
CharactersAll[3].Stats[1].DEF,7395
CharactersAll[3].Stats[1].SPD,12
CharactersAll[3].Stats[1].LUC,2
CharactersAll[3].Stats[1].OBS,1
CharactersAll[3].Stats[1].HealPower,0
CharactersAll[3].Stats[1].RCreates,9
CharactersAll[3].Stats[1].GCreates,9
CharactersAll[3].Stats[1].BCreates,38
CharactersAll[3].Stats[1].PaintPixels,0
CharactersAll[3].Stats[2].HPMax,0
CharactersAll[3].Stats[2].HPCur,0
CharactersAll[3].Stats[2].ATK,0
CharactersAll[3].Stats[2].DEF,0
CharactersAll[3].Stats[2].SPD,0
CharactersAll[3].Stats[2].LUC,0
CharactersAll[3].Stats[2].OBS,0
CharactersAll[3].Stats[2].HealPower,0
CharactersAll[3].Stats[2].RCreates,0
CharactersAll[3].Stats[2].GCreates,0
CharactersAll[3].Stats[2].BCreates,0
CharactersAll[3].Stats[2].PaintPixels,0
CharactersAll[3].Stats[3].HPMax,0
CharactersAll[3].Stats[3].HPCur,0
CharactersAll[3].Stats[3].ATK,0
CharactersAll[3].Stats[3].DEF,0
CharactersAll[3].Stats[3].SPD,0
CharactersAll[3].Stats[3].LUC,0
CharactersAll[3].Stats[3].OBS,0
CharactersAll[3].Stats[3].HealPower,0
CharactersAll[3].Stats[3].RCreates,0
CharactersAll[3].Stats[3].GCreates,0
CharactersAll[3].Stats[3].BCreates,0
CharactersAll[3].Stats[3].PaintPixels,0
CharactersAll[3].Stats[4].HPMax,0
CharactersAll[3].Stats[4].HPCur,0
CharactersAll[3].Stats[4].ATK,0
CharactersAll[3].Stats[4].DEF,0
CharactersAll[3].Stats[4].SPD,0
CharactersAll[3].Stats[4].LUC,0
CharactersAll[3].Stats[4].OBS,0
CharactersAll[3].Stats[4].HealPower,0
CharactersAll[3].Stats[4].RCreates,0
CharactersAll[3].Stats[4].GCreates,0
CharactersAll[3].Stats[4].BCreates,0
CharactersAll[3].Stats[4].PaintPixels,0
CharactersAll[3].FlagFNT,false
CharactersAll[3].Whereabouts,None
CharactersAll[4].KnownPixels,0
CharactersAll[4].OwnedNumMax,0
CharactersAll[4].OwnedNumCur,1
CharactersAll[4].ReincarnationTimes,0
CharactersAll[4].Level,0
CharactersAll[4].Exp,0
CharactersAll[4].ExpMax,0
CharactersAll[4].Stats[0].HPMax,42840
CharactersAll[4].Stats[0].HPCur,42840
CharactersAll[4].Stats[0].ATK,22185
CharactersAll[4].Stats[0].DEF,7395
CharactersAll[4].Stats[0].SPD,12
CharactersAll[4].Stats[0].LUC,2
CharactersAll[4].Stats[0].OBS,1
CharactersAll[4].Stats[0].HealPower,0
CharactersAll[4].Stats[0].RCreates,19
CharactersAll[4].Stats[0].GCreates,19
CharactersAll[4].Stats[0].BCreates,18
CharactersAll[4].Stats[0].PaintPixels,0
CharactersAll[4].Stats[1].HPMax,42840
CharactersAll[4].Stats[1].HPCur,42840
CharactersAll[4].Stats[1].ATK,22185
CharactersAll[4].Stats[1].DEF,7395
CharactersAll[4].Stats[1].SPD,12
CharactersAll[4].Stats[1].LUC,2
CharactersAll[4].Stats[1].OBS,1
CharactersAll[4].Stats[1].HealPower,0
CharactersAll[4].Stats[1].RCreates,19
CharactersAll[4].Stats[1].GCreates,19
CharactersAll[4].Stats[1].BCreates,18
CharactersAll[4].Stats[1].PaintPixels,0
CharactersAll[4].Stats[2].HPMax,0
CharactersAll[4].Stats[2].HPCur,0
CharactersAll[4].Stats[2].ATK,0
CharactersAll[4].Stats[2].DEF,0
CharactersAll[4].Stats[2].SPD,0
CharactersAll[4].Stats[2].LUC,0
CharactersAll[4].Stats[2].OBS,0
CharactersAll[4].Stats[2].HealPower,0
CharactersAll[4].Stats[2].RCreates,0
CharactersAll[4].Stats[2].GCreates,0
CharactersAll[4].Stats[2].BCreates,0
CharactersAll[4].Stats[2].PaintPixels,0
CharactersAll[4].Stats[3].HPMax,0
CharactersAll[4].Stats[3].HPCur,0
CharactersAll[4].Stats[3].ATK,0
CharactersAll[4].Stats[3].DEF,0
CharactersAll[4].Stats[3].SPD,0
CharactersAll[4].Stats[3].LUC,0
CharactersAll[4].Stats[3].OBS,0
CharactersAll[4].Stats[3].HealPower,0
CharactersAll[4].Stats[3].RCreates,0
CharactersAll[4].Stats[3].GCreates,0
CharactersAll[4].Stats[3].BCreates,0
CharactersAll[4].Stats[3].PaintPixels,0
CharactersAll[4].Stats[4].HPMax,0
CharactersAll[4].Stats[4].HPCur,0
CharactersAll[4].Stats[4].ATK,0
CharactersAll[4].Stats[4].DEF,0
CharactersAll[4].Stats[4].SPD,0
CharactersAll[4].Stats[4].LUC,0
CharactersAll[4].Stats[4].OBS,0
CharactersAll[4].Stats[4].HealPower,0
CharactersAll[4].Stats[4].RCreates,0
CharactersAll[4].Stats[4].GCreates,0
CharactersAll[4].Stats[4].BCreates,0
CharactersAll[4].Stats[4].PaintPixels,0
CharactersAll[4].FlagFNT,false
CharactersAll[4].Whereabouts,None
CharactersAll[5].KnownPixels,0
CharactersAll[5].OwnedNumMax,0
CharactersAll[5].OwnedNumCur,1
CharactersAll[5].ReincarnationTimes,0
CharactersAll[5].Level,0
CharactersAll[5].Exp,0
CharactersAll[5].ExpMax,0
CharactersAll[5].Stats[0].HPMax,32895
CharactersAll[5].Stats[0].HPCur,32895
CharactersAll[5].Stats[0].ATK,3585
CharactersAll[5].Stats[0].DEF,1905
CharactersAll[5].Stats[0].SPD,32
CharactersAll[5].Stats[0].LUC,3
CharactersAll[5].Stats[0].OBS,1
CharactersAll[5].Stats[0].HealPower,0
CharactersAll[5].Stats[0].RCreates,17
CharactersAll[5].Stats[0].GCreates,13
CharactersAll[5].Stats[0].BCreates,13
CharactersAll[5].Stats[0].PaintPixels,0
CharactersAll[5].Stats[1].HPMax,32895
CharactersAll[5].Stats[1].HPCur,32895
CharactersAll[5].Stats[1].ATK,3585
CharactersAll[5].Stats[1].DEF,1905
CharactersAll[5].Stats[1].SPD,32
CharactersAll[5].Stats[1].LUC,3
CharactersAll[5].Stats[1].OBS,1
CharactersAll[5].Stats[1].HealPower,0
CharactersAll[5].Stats[1].RCreates,17
CharactersAll[5].Stats[1].GCreates,13
CharactersAll[5].Stats[1].BCreates,13
CharactersAll[5].Stats[1].PaintPixels,0
CharactersAll[5].Stats[2].HPMax,0
CharactersAll[5].Stats[2].HPCur,0
CharactersAll[5].Stats[2].ATK,0
CharactersAll[5].Stats[2].DEF,0
CharactersAll[5].Stats[2].SPD,0
CharactersAll[5].Stats[2].LUC,0
CharactersAll[5].Stats[2].OBS,0
CharactersAll[5].Stats[2].HealPower,0
CharactersAll[5].Stats[2].RCreates,0
CharactersAll[5].Stats[2].GCreates,0
CharactersAll[5].Stats[2].BCreates,0
CharactersAll[5].Stats[2].PaintPixels,0
CharactersAll[5].Stats[3].HPMax,0
CharactersAll[5].Stats[3].HPCur,0
CharactersAll[5].Stats[3].ATK,0
CharactersAll[5].Stats[3].DEF,0
CharactersAll[5].Stats[3].SPD,0
CharactersAll[5].Stats[3].LUC,0
CharactersAll[5].Stats[3].OBS,0
CharactersAll[5].Stats[3].HealPower,0
CharactersAll[5].Stats[3].RCreates,0
CharactersAll[5].Stats[3].GCreates,0
CharactersAll[5].Stats[3].BCreates,0
CharactersAll[5].Stats[3].PaintPixels,0
CharactersAll[5].Stats[4].HPMax,0
CharactersAll[5].Stats[4].HPCur,0
CharactersAll[5].Stats[4].ATK,0
CharactersAll[5].Stats[4].DEF,0
CharactersAll[5].Stats[4].SPD,0
CharactersAll[5].Stats[4].LUC,0
CharactersAll[5].Stats[4].OBS,0
CharactersAll[5].Stats[4].HealPower,0
CharactersAll[5].Stats[4].RCreates,0
CharactersAll[5].Stats[4].GCreates,0
CharactersAll[5].Stats[4].BCreates,0
CharactersAll[5].Stats[4].PaintPixels,0
CharactersAll[5].FlagFNT,false
CharactersAll[5].Whereabouts,None
CharactersAll[6].KnownPixels,0
CharactersAll[6].OwnedNumMax,0
CharactersAll[6].OwnedNumCur,0
CharactersAll[6].ReincarnationTimes,0
CharactersAll[6].Level,0
CharactersAll[6].Exp,0
CharactersAll[6].ExpMax,0
CharactersAll[6].Stats[0].HPMax,0
CharactersAll[6].Stats[0].HPCur,0
CharactersAll[6].Stats[0].ATK,0
CharactersAll[6].Stats[0].DEF,0
CharactersAll[6].Stats[0].SPD,0
CharactersAll[6].Stats[0].LUC,0
CharactersAll[6].Stats[0].OBS,0
CharactersAll[6].Stats[0].HealPower,0
CharactersAll[6].Stats[0].RCreates,0
CharactersAll[6].Stats[0].GCreates,0
CharactersAll[6].Stats[0].BCreates,0
CharactersAll[6].Stats[0].PaintPixels,0
CharactersAll[6].Stats[1].HPMax,0
CharactersAll[6].Stats[1].HPCur,0
CharactersAll[6].Stats[1].ATK,0
CharactersAll[6].Stats[1].DEF,0
CharactersAll[6].Stats[1].SPD,0
CharactersAll[6].Stats[1].LUC,0
CharactersAll[6].Stats[1].OBS,0
CharactersAll[6].Stats[1].HealPower,0
CharactersAll[6].Stats[1].RCreates,0
CharactersAll[6].Stats[1].GCreates,0
CharactersAll[6].Stats[1].BCreates,0
CharactersAll[6].Stats[1].PaintPixels,0
CharactersAll[6].Stats[2].HPMax,0
CharactersAll[6].Stats[2].HPCur,0
CharactersAll[6].Stats[2].ATK,0
CharactersAll[6].Stats[2].DEF,0
CharactersAll[6].Stats[2].SPD,0
CharactersAll[6].Stats[2].LUC,0
CharactersAll[6].Stats[2].OBS,0
CharactersAll[6].Stats[2].HealPower,0
CharactersAll[6].Stats[2].RCreates,0
CharactersAll[6].Stats[2].GCreates,0
CharactersAll[6].Stats[2].BCreates,0
CharactersAll[6].Stats[2].PaintPixels,0
CharactersAll[6].Stats[3].HPMax,0
CharactersAll[6].Stats[3].HPCur,0
CharactersAll[6].Stats[3].ATK,0
CharactersAll[6].Stats[3].DEF,0
CharactersAll[6].Stats[3].SPD,0
CharactersAll[6].Stats[3].LUC,0
CharactersAll[6].Stats[3].OBS,0
CharactersAll[6].Stats[3].HealPower,0
CharactersAll[6].Stats[3].RCreates,0
CharactersAll[6].Stats[3].GCreates,0
CharactersAll[6].Stats[3].BCreates,0
CharactersAll[6].Stats[3].PaintPixels,0
CharactersAll[6].Stats[4].HPMax,0
CharactersAll[6].Stats[4].HPCur,0
CharactersAll[6].Stats[4].ATK,0
CharactersAll[6].Stats[4].DEF,0
CharactersAll[6].Stats[4].SPD,0
CharactersAll[6].Stats[4].LUC,0
CharactersAll[6].Stats[4].OBS,0
CharactersAll[6].Stats[4].HealPower,0
CharactersAll[6].Stats[4].RCreates,0
CharactersAll[6].Stats[4].GCreates,0
CharactersAll[6].Stats[4].BCreates,0
CharactersAll[6].Stats[4].PaintPixels,0
CharactersAll[6].FlagFNT,false
CharactersAll[6].Whereabouts,None
CharactersAll[7].KnownPixels,0
CharactersAll[7].OwnedNumMax,0
CharactersAll[7].OwnedNumCur,0
CharactersAll[7].ReincarnationTimes,0
CharactersAll[7].Level,0
CharactersAll[7].Exp,0
CharactersAll[7].ExpMax,0
CharactersAll[7].Stats[0].HPMax,0
CharactersAll[7].Stats[0].HPCur,0
CharactersAll[7].Stats[0].ATK,0
CharactersAll[7].Stats[0].DEF,0
CharactersAll[7].Stats[0].SPD,0
CharactersAll[7].Stats[0].LUC,0
CharactersAll[7].Stats[0].OBS,0
CharactersAll[7].Stats[0].HealPower,0
CharactersAll[7].Stats[0].RCreates,0
CharactersAll[7].Stats[0].GCreates,0
CharactersAll[7].Stats[0].BCreates,0
CharactersAll[7].Stats[0].PaintPixels,0
CharactersAll[7].Stats[1].HPMax,0
CharactersAll[7].Stats[1].HPCur,0
CharactersAll[7].Stats[1].ATK,0
CharactersAll[7].Stats[1].DEF,0
CharactersAll[7].Stats[1].SPD,0
CharactersAll[7].Stats[1].LUC,0
CharactersAll[7].Stats[1].OBS,0
CharactersAll[7].Stats[1].HealPower,0
CharactersAll[7].Stats[1].RCreates,0
CharactersAll[7].Stats[1].GCreates,0
CharactersAll[7].Stats[1].BCreates,0
CharactersAll[7].Stats[1].PaintPixels,0
CharactersAll[7].Stats[2].HPMax,0
CharactersAll[7].Stats[2].HPCur,0
CharactersAll[7].Stats[2].ATK,0
CharactersAll[7].Stats[2].DEF,0
CharactersAll[7].Stats[2].SPD,0
CharactersAll[7].Stats[2].LUC,0
CharactersAll[7].Stats[2].OBS,0
CharactersAll[7].Stats[2].HealPower,0
CharactersAll[7].Stats[2].RCreates,0
CharactersAll[7].Stats[2].GCreates,0
CharactersAll[7].Stats[2].BCreates,0
CharactersAll[7].Stats[2].PaintPixels,0
CharactersAll[7].Stats[3].HPMax,0
CharactersAll[7].Stats[3].HPCur,0
CharactersAll[7].Stats[3].ATK,0
CharactersAll[7].Stats[3].DEF,0
CharactersAll[7].Stats[3].SPD,0
CharactersAll[7].Stats[3].LUC,0
CharactersAll[7].Stats[3].OBS,0
CharactersAll[7].Stats[3].HealPower,0
CharactersAll[7].Stats[3].RCreates,0
CharactersAll[7].Stats[3].GCreates,0
CharactersAll[7].Stats[3].BCreates,0
CharactersAll[7].Stats[3].PaintPixels,0
CharactersAll[7].Stats[4].HPMax,0
CharactersAll[7].Stats[4].HPCur,0
CharactersAll[7].Stats[4].ATK,0
CharactersAll[7].Stats[4].DEF,0
CharactersAll[7].Stats[4].SPD,0
CharactersAll[7].Stats[4].LUC,0
CharactersAll[7].Stats[4].OBS,0
CharactersAll[7].Stats[4].HealPower,0
CharactersAll[7].Stats[4].RCreates,0
CharactersAll[7].Stats[4].GCreates,0
CharactersAll[7].Stats[4].BCreates,0
CharactersAll[7].Stats[4].PaintPixels,0
CharactersAll[7].FlagFNT,false
CharactersAll[7].Whereabouts,None
CharactersAll[8].KnownPixels,0
CharactersAll[8].OwnedNumMax,0
CharactersAll[8].OwnedNumCur,1
CharactersAll[8].ReincarnationTimes,0
CharactersAll[8].Level,0
CharactersAll[8].Exp,0
CharactersAll[8].ExpMax,0
CharactersAll[8].Stats[0].HPMax,32895
CharactersAll[8].Stats[0].HPCur,32895
CharactersAll[8].Stats[0].ATK,31875
CharactersAll[8].Stats[0].DEF,10965
CharactersAll[8].Stats[0].SPD,32
CharactersAll[8].Stats[0].LUC,2
CharactersAll[8].Stats[0].OBS,1
CharactersAll[8].Stats[0].HealPower,0
CharactersAll[8].Stats[0].RCreates,15
CharactersAll[8].Stats[0].GCreates,14
CharactersAll[8].Stats[0].BCreates,14
CharactersAll[8].Stats[0].PaintPixels,0
CharactersAll[8].Stats[1].HPMax,32895
CharactersAll[8].Stats[1].HPCur,32895
CharactersAll[8].Stats[1].ATK,31875
CharactersAll[8].Stats[1].DEF,10965
CharactersAll[8].Stats[1].SPD,32
CharactersAll[8].Stats[1].LUC,2
CharactersAll[8].Stats[1].OBS,1
CharactersAll[8].Stats[1].HealPower,0
CharactersAll[8].Stats[1].RCreates,15
CharactersAll[8].Stats[1].GCreates,14
CharactersAll[8].Stats[1].BCreates,14
CharactersAll[8].Stats[1].PaintPixels,0
CharactersAll[8].Stats[2].HPMax,0
CharactersAll[8].Stats[2].HPCur,0
CharactersAll[8].Stats[2].ATK,0
CharactersAll[8].Stats[2].DEF,0
CharactersAll[8].Stats[2].SPD,0
CharactersAll[8].Stats[2].LUC,0
CharactersAll[8].Stats[2].OBS,0
CharactersAll[8].Stats[2].HealPower,0
CharactersAll[8].Stats[2].RCreates,0
CharactersAll[8].Stats[2].GCreates,0
CharactersAll[8].Stats[2].BCreates,0
CharactersAll[8].Stats[2].PaintPixels,0
CharactersAll[8].Stats[3].HPMax,0
CharactersAll[8].Stats[3].HPCur,0
CharactersAll[8].Stats[3].ATK,0
CharactersAll[8].Stats[3].DEF,0
CharactersAll[8].Stats[3].SPD,0
CharactersAll[8].Stats[3].LUC,0
CharactersAll[8].Stats[3].OBS,0
CharactersAll[8].Stats[3].HealPower,0
CharactersAll[8].Stats[3].RCreates,0
CharactersAll[8].Stats[3].GCreates,0
CharactersAll[8].Stats[3].BCreates,0
CharactersAll[8].Stats[3].PaintPixels,0
CharactersAll[8].Stats[4].HPMax,0
CharactersAll[8].Stats[4].HPCur,0
CharactersAll[8].Stats[4].ATK,0
CharactersAll[8].Stats[4].DEF,0
CharactersAll[8].Stats[4].SPD,0
CharactersAll[8].Stats[4].LUC,0
CharactersAll[8].Stats[4].OBS,0
CharactersAll[8].Stats[4].HealPower,0
CharactersAll[8].Stats[4].RCreates,0
CharactersAll[8].Stats[4].GCreates,0
CharactersAll[8].Stats[4].BCreates,0
CharactersAll[8].Stats[4].PaintPixels,0
CharactersAll[8].FlagFNT,false
CharactersAll[8].Whereabouts,None
CharactersAll[9].KnownPixels,0
CharactersAll[9].OwnedNumMax,0
CharactersAll[9].OwnedNumCur,0
CharactersAll[9].ReincarnationTimes,0
CharactersAll[9].Level,0
CharactersAll[9].Exp,0
CharactersAll[9].ExpMax,0
CharactersAll[9].Stats[0].HPMax,0
CharactersAll[9].Stats[0].HPCur,0
CharactersAll[9].Stats[0].ATK,0
CharactersAll[9].Stats[0].DEF,0
CharactersAll[9].Stats[0].SPD,0
CharactersAll[9].Stats[0].LUC,0
CharactersAll[9].Stats[0].OBS,0
CharactersAll[9].Stats[0].HealPower,0
CharactersAll[9].Stats[0].RCreates,0
CharactersAll[9].Stats[0].GCreates,0
CharactersAll[9].Stats[0].BCreates,0
CharactersAll[9].Stats[0].PaintPixels,0
CharactersAll[9].Stats[1].HPMax,0
CharactersAll[9].Stats[1].HPCur,0
CharactersAll[9].Stats[1].ATK,0
CharactersAll[9].Stats[1].DEF,0
CharactersAll[9].Stats[1].SPD,0
CharactersAll[9].Stats[1].LUC,0
CharactersAll[9].Stats[1].OBS,0
CharactersAll[9].Stats[1].HealPower,0
CharactersAll[9].Stats[1].RCreates,0
CharactersAll[9].Stats[1].GCreates,0
CharactersAll[9].Stats[1].BCreates,0
CharactersAll[9].Stats[1].PaintPixels,0
CharactersAll[9].Stats[2].HPMax,0
CharactersAll[9].Stats[2].HPCur,0
CharactersAll[9].Stats[2].ATK,0
CharactersAll[9].Stats[2].DEF,0
CharactersAll[9].Stats[2].SPD,0
CharactersAll[9].Stats[2].LUC,0
CharactersAll[9].Stats[2].OBS,0
CharactersAll[9].Stats[2].HealPower,0
CharactersAll[9].Stats[2].RCreates,0
CharactersAll[9].Stats[2].GCreates,0
CharactersAll[9].Stats[2].BCreates,0
CharactersAll[9].Stats[2].PaintPixels,0
CharactersAll[9].Stats[3].HPMax,0
CharactersAll[9].Stats[3].HPCur,0
CharactersAll[9].Stats[3].ATK,0
CharactersAll[9].Stats[3].DEF,0
CharactersAll[9].Stats[3].SPD,0
CharactersAll[9].Stats[3].LUC,0
CharactersAll[9].Stats[3].OBS,0
CharactersAll[9].Stats[3].HealPower,0
CharactersAll[9].Stats[3].RCreates,0
CharactersAll[9].Stats[3].GCreates,0
CharactersAll[9].Stats[3].BCreates,0
CharactersAll[9].Stats[3].PaintPixels,0
CharactersAll[9].Stats[4].HPMax,0
CharactersAll[9].Stats[4].HPCur,0
CharactersAll[9].Stats[4].ATK,0
CharactersAll[9].Stats[4].DEF,0
CharactersAll[9].Stats[4].SPD,0
CharactersAll[9].Stats[4].LUC,0
CharactersAll[9].Stats[4].OBS,0
CharactersAll[9].Stats[4].HealPower,0
CharactersAll[9].Stats[4].RCreates,0
CharactersAll[9].Stats[4].GCreates,0
CharactersAll[9].Stats[4].BCreates,0
CharactersAll[9].Stats[4].PaintPixels,0
CharactersAll[9].FlagFNT,false
CharactersAll[9].Whereabouts,None
CharactersAll[10].KnownPixels,0
CharactersAll[10].OwnedNumMax,0
CharactersAll[10].OwnedNumCur,0
CharactersAll[10].ReincarnationTimes,0
CharactersAll[10].Level,0
CharactersAll[10].Exp,0
CharactersAll[10].ExpMax,0
CharactersAll[10].Stats[0].HPMax,0
CharactersAll[10].Stats[0].HPCur,0
CharactersAll[10].Stats[0].ATK,0
CharactersAll[10].Stats[0].DEF,0
CharactersAll[10].Stats[0].SPD,0
CharactersAll[10].Stats[0].LUC,0
CharactersAll[10].Stats[0].OBS,0
CharactersAll[10].Stats[0].HealPower,0
CharactersAll[10].Stats[0].RCreates,0
CharactersAll[10].Stats[0].GCreates,0
CharactersAll[10].Stats[0].BCreates,0
CharactersAll[10].Stats[0].PaintPixels,0
CharactersAll[10].Stats[1].HPMax,0
CharactersAll[10].Stats[1].HPCur,0
CharactersAll[10].Stats[1].ATK,0
CharactersAll[10].Stats[1].DEF,0
CharactersAll[10].Stats[1].SPD,0
CharactersAll[10].Stats[1].LUC,0
CharactersAll[10].Stats[1].OBS,0
CharactersAll[10].Stats[1].HealPower,0
CharactersAll[10].Stats[1].RCreates,0
CharactersAll[10].Stats[1].GCreates,0
CharactersAll[10].Stats[1].BCreates,0
CharactersAll[10].Stats[1].PaintPixels,0
CharactersAll[10].Stats[2].HPMax,0
CharactersAll[10].Stats[2].HPCur,0
CharactersAll[10].Stats[2].ATK,0
CharactersAll[10].Stats[2].DEF,0
CharactersAll[10].Stats[2].SPD,0
CharactersAll[10].Stats[2].LUC,0
CharactersAll[10].Stats[2].OBS,0
CharactersAll[10].Stats[2].HealPower,0
CharactersAll[10].Stats[2].RCreates,0
CharactersAll[10].Stats[2].GCreates,0
CharactersAll[10].Stats[2].BCreates,0
CharactersAll[10].Stats[2].PaintPixels,0
CharactersAll[10].Stats[3].HPMax,0
CharactersAll[10].Stats[3].HPCur,0
CharactersAll[10].Stats[3].ATK,0
CharactersAll[10].Stats[3].DEF,0
CharactersAll[10].Stats[3].SPD,0
CharactersAll[10].Stats[3].LUC,0
CharactersAll[10].Stats[3].OBS,0
CharactersAll[10].Stats[3].HealPower,0
CharactersAll[10].Stats[3].RCreates,0
CharactersAll[10].Stats[3].GCreates,0
CharactersAll[10].Stats[3].BCreates,0
CharactersAll[10].Stats[3].PaintPixels,0
CharactersAll[10].Stats[4].HPMax,0
CharactersAll[10].Stats[4].HPCur,0
CharactersAll[10].Stats[4].ATK,0
CharactersAll[10].Stats[4].DEF,0
CharactersAll[10].Stats[4].SPD,0
CharactersAll[10].Stats[4].LUC,0
CharactersAll[10].Stats[4].OBS,0
CharactersAll[10].Stats[4].HealPower,0
CharactersAll[10].Stats[4].RCreates,0
CharactersAll[10].Stats[4].GCreates,0
CharactersAll[10].Stats[4].BCreates,0
CharactersAll[10].Stats[4].PaintPixels,0
CharactersAll[10].FlagFNT,false
CharactersAll[10].Whereabouts,None
CharactersAll[11].KnownPixels,0
CharactersAll[11].OwnedNumMax,0
CharactersAll[11].OwnedNumCur,0
CharactersAll[11].ReincarnationTimes,0
CharactersAll[11].Level,0
CharactersAll[11].Exp,0
CharactersAll[11].ExpMax,0
CharactersAll[11].Stats[0].HPMax,0
CharactersAll[11].Stats[0].HPCur,0
CharactersAll[11].Stats[0].ATK,0
CharactersAll[11].Stats[0].DEF,0
CharactersAll[11].Stats[0].SPD,0
CharactersAll[11].Stats[0].LUC,0
CharactersAll[11].Stats[0].OBS,0
CharactersAll[11].Stats[0].HealPower,0
CharactersAll[11].Stats[0].RCreates,0
CharactersAll[11].Stats[0].GCreates,0
CharactersAll[11].Stats[0].BCreates,0
CharactersAll[11].Stats[0].PaintPixels,0
CharactersAll[11].Stats[1].HPMax,0
CharactersAll[11].Stats[1].HPCur,0
CharactersAll[11].Stats[1].ATK,0
CharactersAll[11].Stats[1].DEF,0
CharactersAll[11].Stats[1].SPD,0
CharactersAll[11].Stats[1].LUC,0
CharactersAll[11].Stats[1].OBS,0
CharactersAll[11].Stats[1].HealPower,0
CharactersAll[11].Stats[1].RCreates,0
CharactersAll[11].Stats[1].GCreates,0
CharactersAll[11].Stats[1].BCreates,0
CharactersAll[11].Stats[1].PaintPixels,0
CharactersAll[11].Stats[2].HPMax,0
CharactersAll[11].Stats[2].HPCur,0
CharactersAll[11].Stats[2].ATK,0
CharactersAll[11].Stats[2].DEF,0
CharactersAll[11].Stats[2].SPD,0
CharactersAll[11].Stats[2].LUC,0
CharactersAll[11].Stats[2].OBS,0
CharactersAll[11].Stats[2].HealPower,0
CharactersAll[11].Stats[2].RCreates,0
CharactersAll[11].Stats[2].GCreates,0
CharactersAll[11].Stats[2].BCreates,0
CharactersAll[11].Stats[2].PaintPixels,0
CharactersAll[11].Stats[3].HPMax,0
CharactersAll[11].Stats[3].HPCur,0
CharactersAll[11].Stats[3].ATK,0
CharactersAll[11].Stats[3].DEF,0
CharactersAll[11].Stats[3].SPD,0
CharactersAll[11].Stats[3].LUC,0
CharactersAll[11].Stats[3].OBS,0
CharactersAll[11].Stats[3].HealPower,0
CharactersAll[11].Stats[3].RCreates,0
CharactersAll[11].Stats[3].GCreates,0
CharactersAll[11].Stats[3].BCreates,0
CharactersAll[11].Stats[3].PaintPixels,0
CharactersAll[11].Stats[4].HPMax,0
CharactersAll[11].Stats[4].HPCur,0
CharactersAll[11].Stats[4].ATK,0
CharactersAll[11].Stats[4].DEF,0
CharactersAll[11].Stats[4].SPD,0
CharactersAll[11].Stats[4].LUC,0
CharactersAll[11].Stats[4].OBS,0
CharactersAll[11].Stats[4].HealPower,0
CharactersAll[11].Stats[4].RCreates,0
CharactersAll[11].Stats[4].GCreates,0
CharactersAll[11].Stats[4].BCreates,0
CharactersAll[11].Stats[4].PaintPixels,0
CharactersAll[11].FlagFNT,false
CharactersAll[11].Whereabouts,None
CharactersAll[12].KnownPixels,0
CharactersAll[12].OwnedNumMax,0
CharactersAll[12].OwnedNumCur,0
CharactersAll[12].ReincarnationTimes,0
CharactersAll[12].Level,0
CharactersAll[12].Exp,0
CharactersAll[12].ExpMax,0
CharactersAll[12].Stats[0].HPMax,0
CharactersAll[12].Stats[0].HPCur,0
CharactersAll[12].Stats[0].ATK,0
CharactersAll[12].Stats[0].DEF,0
CharactersAll[12].Stats[0].SPD,0
CharactersAll[12].Stats[0].LUC,0
CharactersAll[12].Stats[0].OBS,0
CharactersAll[12].Stats[0].HealPower,0
CharactersAll[12].Stats[0].RCreates,0
CharactersAll[12].Stats[0].GCreates,0
CharactersAll[12].Stats[0].BCreates,0
CharactersAll[12].Stats[0].PaintPixels,0
CharactersAll[12].Stats[1].HPMax,0
CharactersAll[12].Stats[1].HPCur,0
CharactersAll[12].Stats[1].ATK,0
CharactersAll[12].Stats[1].DEF,0
CharactersAll[12].Stats[1].SPD,0
CharactersAll[12].Stats[1].LUC,0
CharactersAll[12].Stats[1].OBS,0
CharactersAll[12].Stats[1].HealPower,0
CharactersAll[12].Stats[1].RCreates,0
CharactersAll[12].Stats[1].GCreates,0
CharactersAll[12].Stats[1].BCreates,0
CharactersAll[12].Stats[1].PaintPixels,0
CharactersAll[12].Stats[2].HPMax,0
CharactersAll[12].Stats[2].HPCur,0
CharactersAll[12].Stats[2].ATK,0
CharactersAll[12].Stats[2].DEF,0
CharactersAll[12].Stats[2].SPD,0
CharactersAll[12].Stats[2].LUC,0
CharactersAll[12].Stats[2].OBS,0
CharactersAll[12].Stats[2].HealPower,0
CharactersAll[12].Stats[2].RCreates,0
CharactersAll[12].Stats[2].GCreates,0
CharactersAll[12].Stats[2].BCreates,0
CharactersAll[12].Stats[2].PaintPixels,0
CharactersAll[12].Stats[3].HPMax,0
CharactersAll[12].Stats[3].HPCur,0
CharactersAll[12].Stats[3].ATK,0
CharactersAll[12].Stats[3].DEF,0
CharactersAll[12].Stats[3].SPD,0
CharactersAll[12].Stats[3].LUC,0
CharactersAll[12].Stats[3].OBS,0
CharactersAll[12].Stats[3].HealPower,0
CharactersAll[12].Stats[3].RCreates,0
CharactersAll[12].Stats[3].GCreates,0
CharactersAll[12].Stats[3].BCreates,0
CharactersAll[12].Stats[3].PaintPixels,0
CharactersAll[12].Stats[4].HPMax,0
CharactersAll[12].Stats[4].HPCur,0
CharactersAll[12].Stats[4].ATK,0
CharactersAll[12].Stats[4].DEF,0
CharactersAll[12].Stats[4].SPD,0
CharactersAll[12].Stats[4].LUC,0
CharactersAll[12].Stats[4].OBS,0
CharactersAll[12].Stats[4].HealPower,0
CharactersAll[12].Stats[4].RCreates,0
CharactersAll[12].Stats[4].GCreates,0
CharactersAll[12].Stats[4].BCreates,0
CharactersAll[12].Stats[4].PaintPixels,0
CharactersAll[12].FlagFNT,false
CharactersAll[12].Whereabouts,None
CharactersAll[13].KnownPixels,0
CharactersAll[13].OwnedNumMax,0
CharactersAll[13].OwnedNumCur,0
CharactersAll[13].ReincarnationTimes,0
CharactersAll[13].Level,0
CharactersAll[13].Exp,0
CharactersAll[13].ExpMax,0
CharactersAll[13].Stats[0].HPMax,0
CharactersAll[13].Stats[0].HPCur,0
CharactersAll[13].Stats[0].ATK,0
CharactersAll[13].Stats[0].DEF,0
CharactersAll[13].Stats[0].SPD,0
CharactersAll[13].Stats[0].LUC,0
CharactersAll[13].Stats[0].OBS,0
CharactersAll[13].Stats[0].HealPower,0
CharactersAll[13].Stats[0].RCreates,0
CharactersAll[13].Stats[0].GCreates,0
CharactersAll[13].Stats[0].BCreates,0
CharactersAll[13].Stats[0].PaintPixels,0
CharactersAll[13].Stats[1].HPMax,0
CharactersAll[13].Stats[1].HPCur,0
CharactersAll[13].Stats[1].ATK,0
CharactersAll[13].Stats[1].DEF,0
CharactersAll[13].Stats[1].SPD,0
CharactersAll[13].Stats[1].LUC,0
CharactersAll[13].Stats[1].OBS,0
CharactersAll[13].Stats[1].HealPower,0
CharactersAll[13].Stats[1].RCreates,0
CharactersAll[13].Stats[1].GCreates,0
CharactersAll[13].Stats[1].BCreates,0
CharactersAll[13].Stats[1].PaintPixels,0
CharactersAll[13].Stats[2].HPMax,0
CharactersAll[13].Stats[2].HPCur,0
CharactersAll[13].Stats[2].ATK,0
CharactersAll[13].Stats[2].DEF,0
CharactersAll[13].Stats[2].SPD,0
CharactersAll[13].Stats[2].LUC,0
CharactersAll[13].Stats[2].OBS,0
CharactersAll[13].Stats[2].HealPower,0
CharactersAll[13].Stats[2].RCreates,0
CharactersAll[13].Stats[2].GCreates,0
CharactersAll[13].Stats[2].BCreates,0
CharactersAll[13].Stats[2].PaintPixels,0
CharactersAll[13].Stats[3].HPMax,0
CharactersAll[13].Stats[3].HPCur,0
CharactersAll[13].Stats[3].ATK,0
CharactersAll[13].Stats[3].DEF,0
CharactersAll[13].Stats[3].SPD,0
CharactersAll[13].Stats[3].LUC,0
CharactersAll[13].Stats[3].OBS,0
CharactersAll[13].Stats[3].HealPower,0
CharactersAll[13].Stats[3].RCreates,0
CharactersAll[13].Stats[3].GCreates,0
CharactersAll[13].Stats[3].BCreates,0
CharactersAll[13].Stats[3].PaintPixels,0
CharactersAll[13].Stats[4].HPMax,0
CharactersAll[13].Stats[4].HPCur,0
CharactersAll[13].Stats[4].ATK,0
CharactersAll[13].Stats[4].DEF,0
CharactersAll[13].Stats[4].SPD,0
CharactersAll[13].Stats[4].LUC,0
CharactersAll[13].Stats[4].OBS,0
CharactersAll[13].Stats[4].HealPower,0
CharactersAll[13].Stats[4].RCreates,0
CharactersAll[13].Stats[4].GCreates,0
CharactersAll[13].Stats[4].BCreates,0
CharactersAll[13].Stats[4].PaintPixels,0
CharactersAll[13].FlagFNT,false
CharactersAll[13].Whereabouts,None
CharactersAll[14].KnownPixels,0
CharactersAll[14].OwnedNumMax,0
CharactersAll[14].OwnedNumCur,0
CharactersAll[14].ReincarnationTimes,0
CharactersAll[14].Level,0
CharactersAll[14].Exp,0
CharactersAll[14].ExpMax,0
CharactersAll[14].Stats[0].HPMax,0
CharactersAll[14].Stats[0].HPCur,0
CharactersAll[14].Stats[0].ATK,0
CharactersAll[14].Stats[0].DEF,0
CharactersAll[14].Stats[0].SPD,0
CharactersAll[14].Stats[0].LUC,0
CharactersAll[14].Stats[0].OBS,0
CharactersAll[14].Stats[0].HealPower,0
CharactersAll[14].Stats[0].RCreates,0
CharactersAll[14].Stats[0].GCreates,0
CharactersAll[14].Stats[0].BCreates,0
CharactersAll[14].Stats[0].PaintPixels,0
CharactersAll[14].Stats[1].HPMax,0
CharactersAll[14].Stats[1].HPCur,0
CharactersAll[14].Stats[1].ATK,0
CharactersAll[14].Stats[1].DEF,0
CharactersAll[14].Stats[1].SPD,0
CharactersAll[14].Stats[1].LUC,0
CharactersAll[14].Stats[1].OBS,0
CharactersAll[14].Stats[1].HealPower,0
CharactersAll[14].Stats[1].RCreates,0
CharactersAll[14].Stats[1].GCreates,0
CharactersAll[14].Stats[1].BCreates,0
CharactersAll[14].Stats[1].PaintPixels,0
CharactersAll[14].Stats[2].HPMax,0
CharactersAll[14].Stats[2].HPCur,0
CharactersAll[14].Stats[2].ATK,0
CharactersAll[14].Stats[2].DEF,0
CharactersAll[14].Stats[2].SPD,0
CharactersAll[14].Stats[2].LUC,0
CharactersAll[14].Stats[2].OBS,0
CharactersAll[14].Stats[2].HealPower,0
CharactersAll[14].Stats[2].RCreates,0
CharactersAll[14].Stats[2].GCreates,0
CharactersAll[14].Stats[2].BCreates,0
CharactersAll[14].Stats[2].PaintPixels,0
CharactersAll[14].Stats[3].HPMax,0
CharactersAll[14].Stats[3].HPCur,0
CharactersAll[14].Stats[3].ATK,0
CharactersAll[14].Stats[3].DEF,0
CharactersAll[14].Stats[3].SPD,0
CharactersAll[14].Stats[3].LUC,0
CharactersAll[14].Stats[3].OBS,0
CharactersAll[14].Stats[3].HealPower,0
CharactersAll[14].Stats[3].RCreates,0
CharactersAll[14].Stats[3].GCreates,0
CharactersAll[14].Stats[3].BCreates,0
CharactersAll[14].Stats[3].PaintPixels,0
CharactersAll[14].Stats[4].HPMax,0
CharactersAll[14].Stats[4].HPCur,0
CharactersAll[14].Stats[4].ATK,0
CharactersAll[14].Stats[4].DEF,0
CharactersAll[14].Stats[4].SPD,0
CharactersAll[14].Stats[4].LUC,0
CharactersAll[14].Stats[4].OBS,0
CharactersAll[14].Stats[4].HealPower,0
CharactersAll[14].Stats[4].RCreates,0
CharactersAll[14].Stats[4].GCreates,0
CharactersAll[14].Stats[4].BCreates,0
CharactersAll[14].Stats[4].PaintPixels,0
CharactersAll[14].FlagFNT,false
CharactersAll[14].Whereabouts,None
CharactersAll[15].KnownPixels,0
CharactersAll[15].OwnedNumMax,0
CharactersAll[15].OwnedNumCur,0
CharactersAll[15].ReincarnationTimes,0
CharactersAll[15].Level,0
CharactersAll[15].Exp,0
CharactersAll[15].ExpMax,0
CharactersAll[15].Stats[0].HPMax,0
CharactersAll[15].Stats[0].HPCur,0
CharactersAll[15].Stats[0].ATK,0
CharactersAll[15].Stats[0].DEF,0
CharactersAll[15].Stats[0].SPD,0
CharactersAll[15].Stats[0].LUC,0
CharactersAll[15].Stats[0].OBS,0
CharactersAll[15].Stats[0].HealPower,0
CharactersAll[15].Stats[0].RCreates,0
CharactersAll[15].Stats[0].GCreates,0
CharactersAll[15].Stats[0].BCreates,0
CharactersAll[15].Stats[0].PaintPixels,0
CharactersAll[15].Stats[1].HPMax,0
CharactersAll[15].Stats[1].HPCur,0
CharactersAll[15].Stats[1].ATK,0
CharactersAll[15].Stats[1].DEF,0
CharactersAll[15].Stats[1].SPD,0
CharactersAll[15].Stats[1].LUC,0
CharactersAll[15].Stats[1].OBS,0
CharactersAll[15].Stats[1].HealPower,0
CharactersAll[15].Stats[1].RCreates,0
CharactersAll[15].Stats[1].GCreates,0
CharactersAll[15].Stats[1].BCreates,0
CharactersAll[15].Stats[1].PaintPixels,0
CharactersAll[15].Stats[2].HPMax,0
CharactersAll[15].Stats[2].HPCur,0
CharactersAll[15].Stats[2].ATK,0
CharactersAll[15].Stats[2].DEF,0
CharactersAll[15].Stats[2].SPD,0
CharactersAll[15].Stats[2].LUC,0
CharactersAll[15].Stats[2].OBS,0
CharactersAll[15].Stats[2].HealPower,0
CharactersAll[15].Stats[2].RCreates,0
CharactersAll[15].Stats[2].GCreates,0
CharactersAll[15].Stats[2].BCreates,0
CharactersAll[15].Stats[2].PaintPixels,0
CharactersAll[15].Stats[3].HPMax,0
CharactersAll[15].Stats[3].HPCur,0
CharactersAll[15].Stats[3].ATK,0
CharactersAll[15].Stats[3].DEF,0
CharactersAll[15].Stats[3].SPD,0
CharactersAll[15].Stats[3].LUC,0
CharactersAll[15].Stats[3].OBS,0
CharactersAll[15].Stats[3].HealPower,0
CharactersAll[15].Stats[3].RCreates,0
CharactersAll[15].Stats[3].GCreates,0
CharactersAll[15].Stats[3].BCreates,0
CharactersAll[15].Stats[3].PaintPixels,0
CharactersAll[15].Stats[4].HPMax,0
CharactersAll[15].Stats[4].HPCur,0
CharactersAll[15].Stats[4].ATK,0
CharactersAll[15].Stats[4].DEF,0
CharactersAll[15].Stats[4].SPD,0
CharactersAll[15].Stats[4].LUC,0
CharactersAll[15].Stats[4].OBS,0
CharactersAll[15].Stats[4].HealPower,0
CharactersAll[15].Stats[4].RCreates,0
CharactersAll[15].Stats[4].GCreates,0
CharactersAll[15].Stats[4].BCreates,0
CharactersAll[15].Stats[4].PaintPixels,0
CharactersAll[15].FlagFNT,false
CharactersAll[15].Whereabouts,None
CharactersAll[16].KnownPixels,0
CharactersAll[16].OwnedNumMax,0
CharactersAll[16].OwnedNumCur,0
CharactersAll[16].ReincarnationTimes,0
CharactersAll[16].Level,0
CharactersAll[16].Exp,0
CharactersAll[16].ExpMax,0
CharactersAll[16].Stats[0].HPMax,0
CharactersAll[16].Stats[0].HPCur,0
CharactersAll[16].Stats[0].ATK,0
CharactersAll[16].Stats[0].DEF,0
CharactersAll[16].Stats[0].SPD,0
CharactersAll[16].Stats[0].LUC,0
CharactersAll[16].Stats[0].OBS,0
CharactersAll[16].Stats[0].HealPower,0
CharactersAll[16].Stats[0].RCreates,0
CharactersAll[16].Stats[0].GCreates,0
CharactersAll[16].Stats[0].BCreates,0
CharactersAll[16].Stats[0].PaintPixels,0
CharactersAll[16].Stats[1].HPMax,0
CharactersAll[16].Stats[1].HPCur,0
CharactersAll[16].Stats[1].ATK,0
CharactersAll[16].Stats[1].DEF,0
CharactersAll[16].Stats[1].SPD,0
CharactersAll[16].Stats[1].LUC,0
CharactersAll[16].Stats[1].OBS,0
CharactersAll[16].Stats[1].HealPower,0
CharactersAll[16].Stats[1].RCreates,0
CharactersAll[16].Stats[1].GCreates,0
CharactersAll[16].Stats[1].BCreates,0
CharactersAll[16].Stats[1].PaintPixels,0
CharactersAll[16].Stats[2].HPMax,0
CharactersAll[16].Stats[2].HPCur,0
CharactersAll[16].Stats[2].ATK,0
CharactersAll[16].Stats[2].DEF,0
CharactersAll[16].Stats[2].SPD,0
CharactersAll[16].Stats[2].LUC,0
CharactersAll[16].Stats[2].OBS,0
CharactersAll[16].Stats[2].HealPower,0
CharactersAll[16].Stats[2].RCreates,0
CharactersAll[16].Stats[2].GCreates,0
CharactersAll[16].Stats[2].BCreates,0
CharactersAll[16].Stats[2].PaintPixels,0
CharactersAll[16].Stats[3].HPMax,0
CharactersAll[16].Stats[3].HPCur,0
CharactersAll[16].Stats[3].ATK,0
CharactersAll[16].Stats[3].DEF,0
CharactersAll[16].Stats[3].SPD,0
CharactersAll[16].Stats[3].LUC,0
CharactersAll[16].Stats[3].OBS,0
CharactersAll[16].Stats[3].HealPower,0
CharactersAll[16].Stats[3].RCreates,0
CharactersAll[16].Stats[3].GCreates,0
CharactersAll[16].Stats[3].BCreates,0
CharactersAll[16].Stats[3].PaintPixels,0
CharactersAll[16].Stats[4].HPMax,0
CharactersAll[16].Stats[4].HPCur,0
CharactersAll[16].Stats[4].ATK,0
CharactersAll[16].Stats[4].DEF,0
CharactersAll[16].Stats[4].SPD,0
CharactersAll[16].Stats[4].LUC,0
CharactersAll[16].Stats[4].OBS,0
CharactersAll[16].Stats[4].HealPower,0
CharactersAll[16].Stats[4].RCreates,0
CharactersAll[16].Stats[4].GCreates,0
CharactersAll[16].Stats[4].BCreates,0
CharactersAll[16].Stats[4].PaintPixels,0
CharactersAll[16].FlagFNT,false
CharactersAll[16].Whereabouts,None
CharactersAll[17].KnownPixels,0
CharactersAll[17].OwnedNumMax,0
CharactersAll[17].OwnedNumCur,0
CharactersAll[17].ReincarnationTimes,0
CharactersAll[17].Level,0
CharactersAll[17].Exp,0
CharactersAll[17].ExpMax,0
CharactersAll[17].Stats[0].HPMax,0
CharactersAll[17].Stats[0].HPCur,0
CharactersAll[17].Stats[0].ATK,0
CharactersAll[17].Stats[0].DEF,0
CharactersAll[17].Stats[0].SPD,0
CharactersAll[17].Stats[0].LUC,0
CharactersAll[17].Stats[0].OBS,0
CharactersAll[17].Stats[0].HealPower,0
CharactersAll[17].Stats[0].RCreates,0
CharactersAll[17].Stats[0].GCreates,0
CharactersAll[17].Stats[0].BCreates,0
CharactersAll[17].Stats[0].PaintPixels,0
CharactersAll[17].Stats[1].HPMax,0
CharactersAll[17].Stats[1].HPCur,0
CharactersAll[17].Stats[1].ATK,0
CharactersAll[17].Stats[1].DEF,0
CharactersAll[17].Stats[1].SPD,0
CharactersAll[17].Stats[1].LUC,0
CharactersAll[17].Stats[1].OBS,0
CharactersAll[17].Stats[1].HealPower,0
CharactersAll[17].Stats[1].RCreates,0
CharactersAll[17].Stats[1].GCreates,0
CharactersAll[17].Stats[1].BCreates,0
CharactersAll[17].Stats[1].PaintPixels,0
CharactersAll[17].Stats[2].HPMax,0
CharactersAll[17].Stats[2].HPCur,0
CharactersAll[17].Stats[2].ATK,0
CharactersAll[17].Stats[2].DEF,0
CharactersAll[17].Stats[2].SPD,0
CharactersAll[17].Stats[2].LUC,0
CharactersAll[17].Stats[2].OBS,0
CharactersAll[17].Stats[2].HealPower,0
CharactersAll[17].Stats[2].RCreates,0
CharactersAll[17].Stats[2].GCreates,0
CharactersAll[17].Stats[2].BCreates,0
CharactersAll[17].Stats[2].PaintPixels,0
CharactersAll[17].Stats[3].HPMax,0
CharactersAll[17].Stats[3].HPCur,0
CharactersAll[17].Stats[3].ATK,0
CharactersAll[17].Stats[3].DEF,0
CharactersAll[17].Stats[3].SPD,0
CharactersAll[17].Stats[3].LUC,0
CharactersAll[17].Stats[3].OBS,0
CharactersAll[17].Stats[3].HealPower,0
CharactersAll[17].Stats[3].RCreates,0
CharactersAll[17].Stats[3].GCreates,0
CharactersAll[17].Stats[3].BCreates,0
CharactersAll[17].Stats[3].PaintPixels,0
CharactersAll[17].Stats[4].HPMax,0
CharactersAll[17].Stats[4].HPCur,0
CharactersAll[17].Stats[4].ATK,0
CharactersAll[17].Stats[4].DEF,0
CharactersAll[17].Stats[4].SPD,0
CharactersAll[17].Stats[4].LUC,0
CharactersAll[17].Stats[4].OBS,0
CharactersAll[17].Stats[4].HealPower,0
CharactersAll[17].Stats[4].RCreates,0
CharactersAll[17].Stats[4].GCreates,0
CharactersAll[17].Stats[4].BCreates,0
CharactersAll[17].Stats[4].PaintPixels,0
CharactersAll[17].FlagFNT,false
CharactersAll[17].Whereabouts,None
CharactersAll[18].KnownPixels,0
CharactersAll[18].OwnedNumMax,0
CharactersAll[18].OwnedNumCur,0
CharactersAll[18].ReincarnationTimes,0
CharactersAll[18].Level,0
CharactersAll[18].Exp,0
CharactersAll[18].ExpMax,0
CharactersAll[18].Stats[0].HPMax,0
CharactersAll[18].Stats[0].HPCur,0
CharactersAll[18].Stats[0].ATK,0
CharactersAll[18].Stats[0].DEF,0
CharactersAll[18].Stats[0].SPD,0
CharactersAll[18].Stats[0].LUC,0
CharactersAll[18].Stats[0].OBS,0
CharactersAll[18].Stats[0].HealPower,0
CharactersAll[18].Stats[0].RCreates,0
CharactersAll[18].Stats[0].GCreates,0
CharactersAll[18].Stats[0].BCreates,0
CharactersAll[18].Stats[0].PaintPixels,0
CharactersAll[18].Stats[1].HPMax,0
CharactersAll[18].Stats[1].HPCur,0
CharactersAll[18].Stats[1].ATK,0
CharactersAll[18].Stats[1].DEF,0
CharactersAll[18].Stats[1].SPD,0
CharactersAll[18].Stats[1].LUC,0
CharactersAll[18].Stats[1].OBS,0
CharactersAll[18].Stats[1].HealPower,0
CharactersAll[18].Stats[1].RCreates,0
CharactersAll[18].Stats[1].GCreates,0
CharactersAll[18].Stats[1].BCreates,0
CharactersAll[18].Stats[1].PaintPixels,0
CharactersAll[18].Stats[2].HPMax,0
CharactersAll[18].Stats[2].HPCur,0
CharactersAll[18].Stats[2].ATK,0
CharactersAll[18].Stats[2].DEF,0
CharactersAll[18].Stats[2].SPD,0
CharactersAll[18].Stats[2].LUC,0
CharactersAll[18].Stats[2].OBS,0
CharactersAll[18].Stats[2].HealPower,0
CharactersAll[18].Stats[2].RCreates,0
CharactersAll[18].Stats[2].GCreates,0
CharactersAll[18].Stats[2].BCreates,0
CharactersAll[18].Stats[2].PaintPixels,0
CharactersAll[18].Stats[3].HPMax,0
CharactersAll[18].Stats[3].HPCur,0
CharactersAll[18].Stats[3].ATK,0
CharactersAll[18].Stats[3].DEF,0
CharactersAll[18].Stats[3].SPD,0
CharactersAll[18].Stats[3].LUC,0
CharactersAll[18].Stats[3].OBS,0
CharactersAll[18].Stats[3].HealPower,0
CharactersAll[18].Stats[3].RCreates,0
CharactersAll[18].Stats[3].GCreates,0
CharactersAll[18].Stats[3].BCreates,0
CharactersAll[18].Stats[3].PaintPixels,0
CharactersAll[18].Stats[4].HPMax,0
CharactersAll[18].Stats[4].HPCur,0
CharactersAll[18].Stats[4].ATK,0
CharactersAll[18].Stats[4].DEF,0
CharactersAll[18].Stats[4].SPD,0
CharactersAll[18].Stats[4].LUC,0
CharactersAll[18].Stats[4].OBS,0
CharactersAll[18].Stats[4].HealPower,0
CharactersAll[18].Stats[4].RCreates,0
CharactersAll[18].Stats[4].GCreates,0
CharactersAll[18].Stats[4].BCreates,0
CharactersAll[18].Stats[4].PaintPixels,0
CharactersAll[18].FlagFNT,false
CharactersAll[18].Whereabouts,None
CharactersAll[19].KnownPixels,0
CharactersAll[19].OwnedNumMax,0
CharactersAll[19].OwnedNumCur,0
CharactersAll[19].ReincarnationTimes,0
CharactersAll[19].Level,0
CharactersAll[19].Exp,0
CharactersAll[19].ExpMax,0
CharactersAll[19].Stats[0].HPMax,0
CharactersAll[19].Stats[0].HPCur,0
CharactersAll[19].Stats[0].ATK,0
CharactersAll[19].Stats[0].DEF,0
CharactersAll[19].Stats[0].SPD,0
CharactersAll[19].Stats[0].LUC,0
CharactersAll[19].Stats[0].OBS,0
CharactersAll[19].Stats[0].HealPower,0
CharactersAll[19].Stats[0].RCreates,0
CharactersAll[19].Stats[0].GCreates,0
CharactersAll[19].Stats[0].BCreates,0
CharactersAll[19].Stats[0].PaintPixels,0
CharactersAll[19].Stats[1].HPMax,0
CharactersAll[19].Stats[1].HPCur,0
CharactersAll[19].Stats[1].ATK,0
CharactersAll[19].Stats[1].DEF,0
CharactersAll[19].Stats[1].SPD,0
CharactersAll[19].Stats[1].LUC,0
CharactersAll[19].Stats[1].OBS,0
CharactersAll[19].Stats[1].HealPower,0
CharactersAll[19].Stats[1].RCreates,0
CharactersAll[19].Stats[1].GCreates,0
CharactersAll[19].Stats[1].BCreates,0
CharactersAll[19].Stats[1].PaintPixels,0
CharactersAll[19].Stats[2].HPMax,0
CharactersAll[19].Stats[2].HPCur,0
CharactersAll[19].Stats[2].ATK,0
CharactersAll[19].Stats[2].DEF,0
CharactersAll[19].Stats[2].SPD,0
CharactersAll[19].Stats[2].LUC,0
CharactersAll[19].Stats[2].OBS,0
CharactersAll[19].Stats[2].HealPower,0
CharactersAll[19].Stats[2].RCreates,0
CharactersAll[19].Stats[2].GCreates,0
CharactersAll[19].Stats[2].BCreates,0
CharactersAll[19].Stats[2].PaintPixels,0
CharactersAll[19].Stats[3].HPMax,0
CharactersAll[19].Stats[3].HPCur,0
CharactersAll[19].Stats[3].ATK,0
CharactersAll[19].Stats[3].DEF,0
CharactersAll[19].Stats[3].SPD,0
CharactersAll[19].Stats[3].LUC,0
CharactersAll[19].Stats[3].OBS,0
CharactersAll[19].Stats[3].HealPower,0
CharactersAll[19].Stats[3].RCreates,0
CharactersAll[19].Stats[3].GCreates,0
CharactersAll[19].Stats[3].BCreates,0
CharactersAll[19].Stats[3].PaintPixels,0
CharactersAll[19].Stats[4].HPMax,0
CharactersAll[19].Stats[4].HPCur,0
CharactersAll[19].Stats[4].ATK,0
CharactersAll[19].Stats[4].DEF,0
CharactersAll[19].Stats[4].SPD,0
CharactersAll[19].Stats[4].LUC,0
CharactersAll[19].Stats[4].OBS,0
CharactersAll[19].Stats[4].HealPower,0
CharactersAll[19].Stats[4].RCreates,0
CharactersAll[19].Stats[4].GCreates,0
CharactersAll[19].Stats[4].BCreates,0
CharactersAll[19].Stats[4].PaintPixels,0
CharactersAll[19].FlagFNT,false
CharactersAll[19].Whereabouts,None
CharactersAll[20].KnownPixels,0
CharactersAll[20].OwnedNumMax,0
CharactersAll[20].OwnedNumCur,0
CharactersAll[20].ReincarnationTimes,0
CharactersAll[20].Level,0
CharactersAll[20].Exp,0
CharactersAll[20].ExpMax,0
CharactersAll[20].Stats[0].HPMax,0
CharactersAll[20].Stats[0].HPCur,0
CharactersAll[20].Stats[0].ATK,0
CharactersAll[20].Stats[0].DEF,0
CharactersAll[20].Stats[0].SPD,0
CharactersAll[20].Stats[0].LUC,0
CharactersAll[20].Stats[0].OBS,0
CharactersAll[20].Stats[0].HealPower,0
CharactersAll[20].Stats[0].RCreates,0
CharactersAll[20].Stats[0].GCreates,0
CharactersAll[20].Stats[0].BCreates,0
CharactersAll[20].Stats[0].PaintPixels,0
CharactersAll[20].Stats[1].HPMax,0
CharactersAll[20].Stats[1].HPCur,0
CharactersAll[20].Stats[1].ATK,0
CharactersAll[20].Stats[1].DEF,0
CharactersAll[20].Stats[1].SPD,0
CharactersAll[20].Stats[1].LUC,0
CharactersAll[20].Stats[1].OBS,0
CharactersAll[20].Stats[1].HealPower,0
CharactersAll[20].Stats[1].RCreates,0
CharactersAll[20].Stats[1].GCreates,0
CharactersAll[20].Stats[1].BCreates,0
CharactersAll[20].Stats[1].PaintPixels,0
CharactersAll[20].Stats[2].HPMax,0
CharactersAll[20].Stats[2].HPCur,0
CharactersAll[20].Stats[2].ATK,0
CharactersAll[20].Stats[2].DEF,0
CharactersAll[20].Stats[2].SPD,0
CharactersAll[20].Stats[2].LUC,0
CharactersAll[20].Stats[2].OBS,0
CharactersAll[20].Stats[2].HealPower,0
CharactersAll[20].Stats[2].RCreates,0
CharactersAll[20].Stats[2].GCreates,0
CharactersAll[20].Stats[2].BCreates,0
CharactersAll[20].Stats[2].PaintPixels,0
CharactersAll[20].Stats[3].HPMax,0
CharactersAll[20].Stats[3].HPCur,0
CharactersAll[20].Stats[3].ATK,0
CharactersAll[20].Stats[3].DEF,0
CharactersAll[20].Stats[3].SPD,0
CharactersAll[20].Stats[3].LUC,0
CharactersAll[20].Stats[3].OBS,0
CharactersAll[20].Stats[3].HealPower,0
CharactersAll[20].Stats[3].RCreates,0
CharactersAll[20].Stats[3].GCreates,0
CharactersAll[20].Stats[3].BCreates,0
CharactersAll[20].Stats[3].PaintPixels,0
CharactersAll[20].Stats[4].HPMax,0
CharactersAll[20].Stats[4].HPCur,0
CharactersAll[20].Stats[4].ATK,0
CharactersAll[20].Stats[4].DEF,0
CharactersAll[20].Stats[4].SPD,0
CharactersAll[20].Stats[4].LUC,0
CharactersAll[20].Stats[4].OBS,0
CharactersAll[20].Stats[4].HealPower,0
CharactersAll[20].Stats[4].RCreates,0
CharactersAll[20].Stats[4].GCreates,0
CharactersAll[20].Stats[4].BCreates,0
CharactersAll[20].Stats[4].PaintPixels,0
CharactersAll[20].FlagFNT,false
CharactersAll[20].Whereabouts,None
CharactersAll[21].KnownPixels,0
CharactersAll[21].OwnedNumMax,0
CharactersAll[21].OwnedNumCur,0
CharactersAll[21].ReincarnationTimes,0
CharactersAll[21].Level,0
CharactersAll[21].Exp,0
CharactersAll[21].ExpMax,0
CharactersAll[21].Stats[0].HPMax,0
CharactersAll[21].Stats[0].HPCur,0
CharactersAll[21].Stats[0].ATK,0
CharactersAll[21].Stats[0].DEF,0
CharactersAll[21].Stats[0].SPD,0
CharactersAll[21].Stats[0].LUC,0
CharactersAll[21].Stats[0].OBS,0
CharactersAll[21].Stats[0].HealPower,0
CharactersAll[21].Stats[0].RCreates,0
CharactersAll[21].Stats[0].GCreates,0
CharactersAll[21].Stats[0].BCreates,0
CharactersAll[21].Stats[0].PaintPixels,0
CharactersAll[21].Stats[1].HPMax,0
CharactersAll[21].Stats[1].HPCur,0
CharactersAll[21].Stats[1].ATK,0
CharactersAll[21].Stats[1].DEF,0
CharactersAll[21].Stats[1].SPD,0
CharactersAll[21].Stats[1].LUC,0
CharactersAll[21].Stats[1].OBS,0
CharactersAll[21].Stats[1].HealPower,0
CharactersAll[21].Stats[1].RCreates,0
CharactersAll[21].Stats[1].GCreates,0
CharactersAll[21].Stats[1].BCreates,0
CharactersAll[21].Stats[1].PaintPixels,0
CharactersAll[21].Stats[2].HPMax,0
CharactersAll[21].Stats[2].HPCur,0
CharactersAll[21].Stats[2].ATK,0
CharactersAll[21].Stats[2].DEF,0
CharactersAll[21].Stats[2].SPD,0
CharactersAll[21].Stats[2].LUC,0
CharactersAll[21].Stats[2].OBS,0
CharactersAll[21].Stats[2].HealPower,0
CharactersAll[21].Stats[2].RCreates,0
CharactersAll[21].Stats[2].GCreates,0
CharactersAll[21].Stats[2].BCreates,0
CharactersAll[21].Stats[2].PaintPixels,0
CharactersAll[21].Stats[3].HPMax,0
CharactersAll[21].Stats[3].HPCur,0
CharactersAll[21].Stats[3].ATK,0
CharactersAll[21].Stats[3].DEF,0
CharactersAll[21].Stats[3].SPD,0
CharactersAll[21].Stats[3].LUC,0
CharactersAll[21].Stats[3].OBS,0
CharactersAll[21].Stats[3].HealPower,0
CharactersAll[21].Stats[3].RCreates,0
CharactersAll[21].Stats[3].GCreates,0
CharactersAll[21].Stats[3].BCreates,0
CharactersAll[21].Stats[3].PaintPixels,0
CharactersAll[21].Stats[4].HPMax,0
CharactersAll[21].Stats[4].HPCur,0
CharactersAll[21].Stats[4].ATK,0
CharactersAll[21].Stats[4].DEF,0
CharactersAll[21].Stats[4].SPD,0
CharactersAll[21].Stats[4].LUC,0
CharactersAll[21].Stats[4].OBS,0
CharactersAll[21].Stats[4].HealPower,0
CharactersAll[21].Stats[4].RCreates,0
CharactersAll[21].Stats[4].GCreates,0
CharactersAll[21].Stats[4].BCreates,0
CharactersAll[21].Stats[4].PaintPixels,0
CharactersAll[21].FlagFNT,false
CharactersAll[21].Whereabouts,None
CharactersAll[22].KnownPixels,0
CharactersAll[22].OwnedNumMax,0
CharactersAll[22].OwnedNumCur,0
CharactersAll[22].ReincarnationTimes,0
CharactersAll[22].Level,0
CharactersAll[22].Exp,0
CharactersAll[22].ExpMax,0
CharactersAll[22].Stats[0].HPMax,0
CharactersAll[22].Stats[0].HPCur,0
CharactersAll[22].Stats[0].ATK,0
CharactersAll[22].Stats[0].DEF,0
CharactersAll[22].Stats[0].SPD,0
CharactersAll[22].Stats[0].LUC,0
CharactersAll[22].Stats[0].OBS,0
CharactersAll[22].Stats[0].HealPower,0
CharactersAll[22].Stats[0].RCreates,0
CharactersAll[22].Stats[0].GCreates,0
CharactersAll[22].Stats[0].BCreates,0
CharactersAll[22].Stats[0].PaintPixels,0
CharactersAll[22].Stats[1].HPMax,0
CharactersAll[22].Stats[1].HPCur,0
CharactersAll[22].Stats[1].ATK,0
CharactersAll[22].Stats[1].DEF,0
CharactersAll[22].Stats[1].SPD,0
CharactersAll[22].Stats[1].LUC,0
CharactersAll[22].Stats[1].OBS,0
CharactersAll[22].Stats[1].HealPower,0
CharactersAll[22].Stats[1].RCreates,0
CharactersAll[22].Stats[1].GCreates,0
CharactersAll[22].Stats[1].BCreates,0
CharactersAll[22].Stats[1].PaintPixels,0
CharactersAll[22].Stats[2].HPMax,0
CharactersAll[22].Stats[2].HPCur,0
CharactersAll[22].Stats[2].ATK,0
CharactersAll[22].Stats[2].DEF,0
CharactersAll[22].Stats[2].SPD,0
CharactersAll[22].Stats[2].LUC,0
CharactersAll[22].Stats[2].OBS,0
CharactersAll[22].Stats[2].HealPower,0
CharactersAll[22].Stats[2].RCreates,0
CharactersAll[22].Stats[2].GCreates,0
CharactersAll[22].Stats[2].BCreates,0
CharactersAll[22].Stats[2].PaintPixels,0
CharactersAll[22].Stats[3].HPMax,0
CharactersAll[22].Stats[3].HPCur,0
CharactersAll[22].Stats[3].ATK,0
CharactersAll[22].Stats[3].DEF,0
CharactersAll[22].Stats[3].SPD,0
CharactersAll[22].Stats[3].LUC,0
CharactersAll[22].Stats[3].OBS,0
CharactersAll[22].Stats[3].HealPower,0
CharactersAll[22].Stats[3].RCreates,0
CharactersAll[22].Stats[3].GCreates,0
CharactersAll[22].Stats[3].BCreates,0
CharactersAll[22].Stats[3].PaintPixels,0
CharactersAll[22].Stats[4].HPMax,0
CharactersAll[22].Stats[4].HPCur,0
CharactersAll[22].Stats[4].ATK,0
CharactersAll[22].Stats[4].DEF,0
CharactersAll[22].Stats[4].SPD,0
CharactersAll[22].Stats[4].LUC,0
CharactersAll[22].Stats[4].OBS,0
CharactersAll[22].Stats[4].HealPower,0
CharactersAll[22].Stats[4].RCreates,0
CharactersAll[22].Stats[4].GCreates,0
CharactersAll[22].Stats[4].BCreates,0
CharactersAll[22].Stats[4].PaintPixels,0
CharactersAll[22].FlagFNT,false
CharactersAll[22].Whereabouts,None
CharactersAll[23].KnownPixels,0
CharactersAll[23].OwnedNumMax,0
CharactersAll[23].OwnedNumCur,0
CharactersAll[23].ReincarnationTimes,0
CharactersAll[23].Level,0
CharactersAll[23].Exp,0
CharactersAll[23].ExpMax,0
CharactersAll[23].Stats[0].HPMax,0
CharactersAll[23].Stats[0].HPCur,0
CharactersAll[23].Stats[0].ATK,0
CharactersAll[23].Stats[0].DEF,0
CharactersAll[23].Stats[0].SPD,0
CharactersAll[23].Stats[0].LUC,0
CharactersAll[23].Stats[0].OBS,0
CharactersAll[23].Stats[0].HealPower,0
CharactersAll[23].Stats[0].RCreates,0
CharactersAll[23].Stats[0].GCreates,0
CharactersAll[23].Stats[0].BCreates,0
CharactersAll[23].Stats[0].PaintPixels,0
CharactersAll[23].Stats[1].HPMax,0
CharactersAll[23].Stats[1].HPCur,0
CharactersAll[23].Stats[1].ATK,0
CharactersAll[23].Stats[1].DEF,0
CharactersAll[23].Stats[1].SPD,0
CharactersAll[23].Stats[1].LUC,0
CharactersAll[23].Stats[1].OBS,0
CharactersAll[23].Stats[1].HealPower,0
CharactersAll[23].Stats[1].RCreates,0
CharactersAll[23].Stats[1].GCreates,0
CharactersAll[23].Stats[1].BCreates,0
CharactersAll[23].Stats[1].PaintPixels,0
CharactersAll[23].Stats[2].HPMax,0
CharactersAll[23].Stats[2].HPCur,0
CharactersAll[23].Stats[2].ATK,0
CharactersAll[23].Stats[2].DEF,0
CharactersAll[23].Stats[2].SPD,0
CharactersAll[23].Stats[2].LUC,0
CharactersAll[23].Stats[2].OBS,0
CharactersAll[23].Stats[2].HealPower,0
CharactersAll[23].Stats[2].RCreates,0
CharactersAll[23].Stats[2].GCreates,0
CharactersAll[23].Stats[2].BCreates,0
CharactersAll[23].Stats[2].PaintPixels,0
CharactersAll[23].Stats[3].HPMax,0
CharactersAll[23].Stats[3].HPCur,0
CharactersAll[23].Stats[3].ATK,0
CharactersAll[23].Stats[3].DEF,0
CharactersAll[23].Stats[3].SPD,0
CharactersAll[23].Stats[3].LUC,0
CharactersAll[23].Stats[3].OBS,0
CharactersAll[23].Stats[3].HealPower,0
CharactersAll[23].Stats[3].RCreates,0
CharactersAll[23].Stats[3].GCreates,0
CharactersAll[23].Stats[3].BCreates,0
CharactersAll[23].Stats[3].PaintPixels,0
CharactersAll[23].Stats[4].HPMax,0
CharactersAll[23].Stats[4].HPCur,0
CharactersAll[23].Stats[4].ATK,0
CharactersAll[23].Stats[4].DEF,0
CharactersAll[23].Stats[4].SPD,0
CharactersAll[23].Stats[4].LUC,0
CharactersAll[23].Stats[4].OBS,0
CharactersAll[23].Stats[4].HealPower,0
CharactersAll[23].Stats[4].RCreates,0
CharactersAll[23].Stats[4].GCreates,0
CharactersAll[23].Stats[4].BCreates,0
CharactersAll[23].Stats[4].PaintPixels,0
CharactersAll[23].FlagFNT,false
CharactersAll[23].Whereabouts,None
CharactersAll[24].KnownPixels,0
CharactersAll[24].OwnedNumMax,0
CharactersAll[24].OwnedNumCur,0
CharactersAll[24].ReincarnationTimes,0
CharactersAll[24].Level,0
CharactersAll[24].Exp,0
CharactersAll[24].ExpMax,0
CharactersAll[24].Stats[0].HPMax,0
CharactersAll[24].Stats[0].HPCur,0
CharactersAll[24].Stats[0].ATK,0
CharactersAll[24].Stats[0].DEF,0
CharactersAll[24].Stats[0].SPD,0
CharactersAll[24].Stats[0].LUC,0
CharactersAll[24].Stats[0].OBS,0
CharactersAll[24].Stats[0].HealPower,0
CharactersAll[24].Stats[0].RCreates,0
CharactersAll[24].Stats[0].GCreates,0
CharactersAll[24].Stats[0].BCreates,0
CharactersAll[24].Stats[0].PaintPixels,0
CharactersAll[24].Stats[1].HPMax,0
CharactersAll[24].Stats[1].HPCur,0
CharactersAll[24].Stats[1].ATK,0
CharactersAll[24].Stats[1].DEF,0
CharactersAll[24].Stats[1].SPD,0
CharactersAll[24].Stats[1].LUC,0
CharactersAll[24].Stats[1].OBS,0
CharactersAll[24].Stats[1].HealPower,0
CharactersAll[24].Stats[1].RCreates,0
CharactersAll[24].Stats[1].GCreates,0
CharactersAll[24].Stats[1].BCreates,0
CharactersAll[24].Stats[1].PaintPixels,0
CharactersAll[24].Stats[2].HPMax,0
CharactersAll[24].Stats[2].HPCur,0
CharactersAll[24].Stats[2].ATK,0
CharactersAll[24].Stats[2].DEF,0
CharactersAll[24].Stats[2].SPD,0
CharactersAll[24].Stats[2].LUC,0
CharactersAll[24].Stats[2].OBS,0
CharactersAll[24].Stats[2].HealPower,0
CharactersAll[24].Stats[2].RCreates,0
CharactersAll[24].Stats[2].GCreates,0
CharactersAll[24].Stats[2].BCreates,0
CharactersAll[24].Stats[2].PaintPixels,0
CharactersAll[24].Stats[3].HPMax,0
CharactersAll[24].Stats[3].HPCur,0
CharactersAll[24].Stats[3].ATK,0
CharactersAll[24].Stats[3].DEF,0
CharactersAll[24].Stats[3].SPD,0
CharactersAll[24].Stats[3].LUC,0
CharactersAll[24].Stats[3].OBS,0
CharactersAll[24].Stats[3].HealPower,0
CharactersAll[24].Stats[3].RCreates,0
CharactersAll[24].Stats[3].GCreates,0
CharactersAll[24].Stats[3].BCreates,0
CharactersAll[24].Stats[3].PaintPixels,0
CharactersAll[24].Stats[4].HPMax,0
CharactersAll[24].Stats[4].HPCur,0
CharactersAll[24].Stats[4].ATK,0
CharactersAll[24].Stats[4].DEF,0
CharactersAll[24].Stats[4].SPD,0
CharactersAll[24].Stats[4].LUC,0
CharactersAll[24].Stats[4].OBS,0
CharactersAll[24].Stats[4].HealPower,0
CharactersAll[24].Stats[4].RCreates,0
CharactersAll[24].Stats[4].GCreates,0
CharactersAll[24].Stats[4].BCreates,0
CharactersAll[24].Stats[4].PaintPixels,0
CharactersAll[24].FlagFNT,false
CharactersAll[24].Whereabouts,None
CharactersAll[25].KnownPixels,0
CharactersAll[25].OwnedNumMax,0
CharactersAll[25].OwnedNumCur,0
CharactersAll[25].ReincarnationTimes,0
CharactersAll[25].Level,0
CharactersAll[25].Exp,0
CharactersAll[25].ExpMax,0
CharactersAll[25].Stats[0].HPMax,0
CharactersAll[25].Stats[0].HPCur,0
CharactersAll[25].Stats[0].ATK,0
CharactersAll[25].Stats[0].DEF,0
CharactersAll[25].Stats[0].SPD,0
CharactersAll[25].Stats[0].LUC,0
CharactersAll[25].Stats[0].OBS,0
CharactersAll[25].Stats[0].HealPower,0
CharactersAll[25].Stats[0].RCreates,0
CharactersAll[25].Stats[0].GCreates,0
CharactersAll[25].Stats[0].BCreates,0
CharactersAll[25].Stats[0].PaintPixels,0
CharactersAll[25].Stats[1].HPMax,0
CharactersAll[25].Stats[1].HPCur,0
CharactersAll[25].Stats[1].ATK,0
CharactersAll[25].Stats[1].DEF,0
CharactersAll[25].Stats[1].SPD,0
CharactersAll[25].Stats[1].LUC,0
CharactersAll[25].Stats[1].OBS,0
CharactersAll[25].Stats[1].HealPower,0
CharactersAll[25].Stats[1].RCreates,0
CharactersAll[25].Stats[1].GCreates,0
CharactersAll[25].Stats[1].BCreates,0
CharactersAll[25].Stats[1].PaintPixels,0
CharactersAll[25].Stats[2].HPMax,0
CharactersAll[25].Stats[2].HPCur,0
CharactersAll[25].Stats[2].ATK,0
CharactersAll[25].Stats[2].DEF,0
CharactersAll[25].Stats[2].SPD,0
CharactersAll[25].Stats[2].LUC,0
CharactersAll[25].Stats[2].OBS,0
CharactersAll[25].Stats[2].HealPower,0
CharactersAll[25].Stats[2].RCreates,0
CharactersAll[25].Stats[2].GCreates,0
CharactersAll[25].Stats[2].BCreates,0
CharactersAll[25].Stats[2].PaintPixels,0
CharactersAll[25].Stats[3].HPMax,0
CharactersAll[25].Stats[3].HPCur,0
CharactersAll[25].Stats[3].ATK,0
CharactersAll[25].Stats[3].DEF,0
CharactersAll[25].Stats[3].SPD,0
CharactersAll[25].Stats[3].LUC,0
CharactersAll[25].Stats[3].OBS,0
CharactersAll[25].Stats[3].HealPower,0
CharactersAll[25].Stats[3].RCreates,0
CharactersAll[25].Stats[3].GCreates,0
CharactersAll[25].Stats[3].BCreates,0
CharactersAll[25].Stats[3].PaintPixels,0
CharactersAll[25].Stats[4].HPMax,0
CharactersAll[25].Stats[4].HPCur,0
CharactersAll[25].Stats[4].ATK,0
CharactersAll[25].Stats[4].DEF,0
CharactersAll[25].Stats[4].SPD,0
CharactersAll[25].Stats[4].LUC,0
CharactersAll[25].Stats[4].OBS,0
CharactersAll[25].Stats[4].HealPower,0
CharactersAll[25].Stats[4].RCreates,0
CharactersAll[25].Stats[4].GCreates,0
CharactersAll[25].Stats[4].BCreates,0
CharactersAll[25].Stats[4].PaintPixels,0
CharactersAll[25].FlagFNT,false
CharactersAll[25].Whereabouts,None
CharactersAll[26].KnownPixels,0
CharactersAll[26].OwnedNumMax,0
CharactersAll[26].OwnedNumCur,0
CharactersAll[26].ReincarnationTimes,0
CharactersAll[26].Level,0
CharactersAll[26].Exp,0
CharactersAll[26].ExpMax,0
CharactersAll[26].Stats[0].HPMax,0
CharactersAll[26].Stats[0].HPCur,0
CharactersAll[26].Stats[0].ATK,0
CharactersAll[26].Stats[0].DEF,0
CharactersAll[26].Stats[0].SPD,0
CharactersAll[26].Stats[0].LUC,0
CharactersAll[26].Stats[0].OBS,0
CharactersAll[26].Stats[0].HealPower,0
CharactersAll[26].Stats[0].RCreates,0
CharactersAll[26].Stats[0].GCreates,0
CharactersAll[26].Stats[0].BCreates,0
CharactersAll[26].Stats[0].PaintPixels,0
CharactersAll[26].Stats[1].HPMax,0
CharactersAll[26].Stats[1].HPCur,0
CharactersAll[26].Stats[1].ATK,0
CharactersAll[26].Stats[1].DEF,0
CharactersAll[26].Stats[1].SPD,0
CharactersAll[26].Stats[1].LUC,0
CharactersAll[26].Stats[1].OBS,0
CharactersAll[26].Stats[1].HealPower,0
CharactersAll[26].Stats[1].RCreates,0
CharactersAll[26].Stats[1].GCreates,0
CharactersAll[26].Stats[1].BCreates,0
CharactersAll[26].Stats[1].PaintPixels,0
CharactersAll[26].Stats[2].HPMax,0
CharactersAll[26].Stats[2].HPCur,0
CharactersAll[26].Stats[2].ATK,0
CharactersAll[26].Stats[2].DEF,0
CharactersAll[26].Stats[2].SPD,0
CharactersAll[26].Stats[2].LUC,0
CharactersAll[26].Stats[2].OBS,0
CharactersAll[26].Stats[2].HealPower,0
CharactersAll[26].Stats[2].RCreates,0
CharactersAll[26].Stats[2].GCreates,0
CharactersAll[26].Stats[2].BCreates,0
CharactersAll[26].Stats[2].PaintPixels,0
CharactersAll[26].Stats[3].HPMax,0
CharactersAll[26].Stats[3].HPCur,0
CharactersAll[26].Stats[3].ATK,0
CharactersAll[26].Stats[3].DEF,0
CharactersAll[26].Stats[3].SPD,0
CharactersAll[26].Stats[3].LUC,0
CharactersAll[26].Stats[3].OBS,0
CharactersAll[26].Stats[3].HealPower,0
CharactersAll[26].Stats[3].RCreates,0
CharactersAll[26].Stats[3].GCreates,0
CharactersAll[26].Stats[3].BCreates,0
CharactersAll[26].Stats[3].PaintPixels,0
CharactersAll[26].Stats[4].HPMax,0
CharactersAll[26].Stats[4].HPCur,0
CharactersAll[26].Stats[4].ATK,0
CharactersAll[26].Stats[4].DEF,0
CharactersAll[26].Stats[4].SPD,0
CharactersAll[26].Stats[4].LUC,0
CharactersAll[26].Stats[4].OBS,0
CharactersAll[26].Stats[4].HealPower,0
CharactersAll[26].Stats[4].RCreates,0
CharactersAll[26].Stats[4].GCreates,0
CharactersAll[26].Stats[4].BCreates,0
CharactersAll[26].Stats[4].PaintPixels,0
CharactersAll[26].FlagFNT,false
CharactersAll[26].Whereabouts,None
CharactersAll[27].KnownPixels,0
CharactersAll[27].OwnedNumMax,0
CharactersAll[27].OwnedNumCur,0
CharactersAll[27].ReincarnationTimes,0
CharactersAll[27].Level,0
CharactersAll[27].Exp,0
CharactersAll[27].ExpMax,0
CharactersAll[27].Stats[0].HPMax,0
CharactersAll[27].Stats[0].HPCur,0
CharactersAll[27].Stats[0].ATK,0
CharactersAll[27].Stats[0].DEF,0
CharactersAll[27].Stats[0].SPD,0
CharactersAll[27].Stats[0].LUC,0
CharactersAll[27].Stats[0].OBS,0
CharactersAll[27].Stats[0].HealPower,0
CharactersAll[27].Stats[0].RCreates,0
CharactersAll[27].Stats[0].GCreates,0
CharactersAll[27].Stats[0].BCreates,0
CharactersAll[27].Stats[0].PaintPixels,0
CharactersAll[27].Stats[1].HPMax,0
CharactersAll[27].Stats[1].HPCur,0
CharactersAll[27].Stats[1].ATK,0
CharactersAll[27].Stats[1].DEF,0
CharactersAll[27].Stats[1].SPD,0
CharactersAll[27].Stats[1].LUC,0
CharactersAll[27].Stats[1].OBS,0
CharactersAll[27].Stats[1].HealPower,0
CharactersAll[27].Stats[1].RCreates,0
CharactersAll[27].Stats[1].GCreates,0
CharactersAll[27].Stats[1].BCreates,0
CharactersAll[27].Stats[1].PaintPixels,0
CharactersAll[27].Stats[2].HPMax,0
CharactersAll[27].Stats[2].HPCur,0
CharactersAll[27].Stats[2].ATK,0
CharactersAll[27].Stats[2].DEF,0
CharactersAll[27].Stats[2].SPD,0
CharactersAll[27].Stats[2].LUC,0
CharactersAll[27].Stats[2].OBS,0
CharactersAll[27].Stats[2].HealPower,0
CharactersAll[27].Stats[2].RCreates,0
CharactersAll[27].Stats[2].GCreates,0
CharactersAll[27].Stats[2].BCreates,0
CharactersAll[27].Stats[2].PaintPixels,0
CharactersAll[27].Stats[3].HPMax,0
CharactersAll[27].Stats[3].HPCur,0
CharactersAll[27].Stats[3].ATK,0
CharactersAll[27].Stats[3].DEF,0
CharactersAll[27].Stats[3].SPD,0
CharactersAll[27].Stats[3].LUC,0
CharactersAll[27].Stats[3].OBS,0
CharactersAll[27].Stats[3].HealPower,0
CharactersAll[27].Stats[3].RCreates,0
CharactersAll[27].Stats[3].GCreates,0
CharactersAll[27].Stats[3].BCreates,0
CharactersAll[27].Stats[3].PaintPixels,0
CharactersAll[27].Stats[4].HPMax,0
CharactersAll[27].Stats[4].HPCur,0
CharactersAll[27].Stats[4].ATK,0
CharactersAll[27].Stats[4].DEF,0
CharactersAll[27].Stats[4].SPD,0
CharactersAll[27].Stats[4].LUC,0
CharactersAll[27].Stats[4].OBS,0
CharactersAll[27].Stats[4].HealPower,0
CharactersAll[27].Stats[4].RCreates,0
CharactersAll[27].Stats[4].GCreates,0
CharactersAll[27].Stats[4].BCreates,0
CharactersAll[27].Stats[4].PaintPixels,0
CharactersAll[27].FlagFNT,false
CharactersAll[27].Whereabouts,None
CharactersAll[28].KnownPixels,0
CharactersAll[28].OwnedNumMax,0
CharactersAll[28].OwnedNumCur,0
CharactersAll[28].ReincarnationTimes,0
CharactersAll[28].Level,0
CharactersAll[28].Exp,0
CharactersAll[28].ExpMax,0
CharactersAll[28].Stats[0].HPMax,0
CharactersAll[28].Stats[0].HPCur,0
CharactersAll[28].Stats[0].ATK,0
CharactersAll[28].Stats[0].DEF,0
CharactersAll[28].Stats[0].SPD,0
CharactersAll[28].Stats[0].LUC,0
CharactersAll[28].Stats[0].OBS,0
CharactersAll[28].Stats[0].HealPower,0
CharactersAll[28].Stats[0].RCreates,0
CharactersAll[28].Stats[0].GCreates,0
CharactersAll[28].Stats[0].BCreates,0
CharactersAll[28].Stats[0].PaintPixels,0
CharactersAll[28].Stats[1].HPMax,0
CharactersAll[28].Stats[1].HPCur,0
CharactersAll[28].Stats[1].ATK,0
CharactersAll[28].Stats[1].DEF,0
CharactersAll[28].Stats[1].SPD,0
CharactersAll[28].Stats[1].LUC,0
CharactersAll[28].Stats[1].OBS,0
CharactersAll[28].Stats[1].HealPower,0
CharactersAll[28].Stats[1].RCreates,0
CharactersAll[28].Stats[1].GCreates,0
CharactersAll[28].Stats[1].BCreates,0
CharactersAll[28].Stats[1].PaintPixels,0
CharactersAll[28].Stats[2].HPMax,0
CharactersAll[28].Stats[2].HPCur,0
CharactersAll[28].Stats[2].ATK,0
CharactersAll[28].Stats[2].DEF,0
CharactersAll[28].Stats[2].SPD,0
CharactersAll[28].Stats[2].LUC,0
CharactersAll[28].Stats[2].OBS,0
CharactersAll[28].Stats[2].HealPower,0
CharactersAll[28].Stats[2].RCreates,0
CharactersAll[28].Stats[2].GCreates,0
CharactersAll[28].Stats[2].BCreates,0
CharactersAll[28].Stats[2].PaintPixels,0
CharactersAll[28].Stats[3].HPMax,0
CharactersAll[28].Stats[3].HPCur,0
CharactersAll[28].Stats[3].ATK,0
CharactersAll[28].Stats[3].DEF,0
CharactersAll[28].Stats[3].SPD,0
CharactersAll[28].Stats[3].LUC,0
CharactersAll[28].Stats[3].OBS,0
CharactersAll[28].Stats[3].HealPower,0
CharactersAll[28].Stats[3].RCreates,0
CharactersAll[28].Stats[3].GCreates,0
CharactersAll[28].Stats[3].BCreates,0
CharactersAll[28].Stats[3].PaintPixels,0
CharactersAll[28].Stats[4].HPMax,0
CharactersAll[28].Stats[4].HPCur,0
CharactersAll[28].Stats[4].ATK,0
CharactersAll[28].Stats[4].DEF,0
CharactersAll[28].Stats[4].SPD,0
CharactersAll[28].Stats[4].LUC,0
CharactersAll[28].Stats[4].OBS,0
CharactersAll[28].Stats[4].HealPower,0
CharactersAll[28].Stats[4].RCreates,0
CharactersAll[28].Stats[4].GCreates,0
CharactersAll[28].Stats[4].BCreates,0
CharactersAll[28].Stats[4].PaintPixels,0
CharactersAll[28].FlagFNT,false
CharactersAll[28].Whereabouts,None
CharactersAll[29].KnownPixels,0
CharactersAll[29].OwnedNumMax,0
CharactersAll[29].OwnedNumCur,0
CharactersAll[29].ReincarnationTimes,0
CharactersAll[29].Level,0
CharactersAll[29].Exp,0
CharactersAll[29].ExpMax,0
CharactersAll[29].Stats[0].HPMax,0
CharactersAll[29].Stats[0].HPCur,0
CharactersAll[29].Stats[0].ATK,0
CharactersAll[29].Stats[0].DEF,0
CharactersAll[29].Stats[0].SPD,0
CharactersAll[29].Stats[0].LUC,0
CharactersAll[29].Stats[0].OBS,0
CharactersAll[29].Stats[0].HealPower,0
CharactersAll[29].Stats[0].RCreates,0
CharactersAll[29].Stats[0].GCreates,0
CharactersAll[29].Stats[0].BCreates,0
CharactersAll[29].Stats[0].PaintPixels,0
CharactersAll[29].Stats[1].HPMax,0
CharactersAll[29].Stats[1].HPCur,0
CharactersAll[29].Stats[1].ATK,0
CharactersAll[29].Stats[1].DEF,0
CharactersAll[29].Stats[1].SPD,0
CharactersAll[29].Stats[1].LUC,0
CharactersAll[29].Stats[1].OBS,0
CharactersAll[29].Stats[1].HealPower,0
CharactersAll[29].Stats[1].RCreates,0
CharactersAll[29].Stats[1].GCreates,0
CharactersAll[29].Stats[1].BCreates,0
CharactersAll[29].Stats[1].PaintPixels,0
CharactersAll[29].Stats[2].HPMax,0
CharactersAll[29].Stats[2].HPCur,0
CharactersAll[29].Stats[2].ATK,0
CharactersAll[29].Stats[2].DEF,0
CharactersAll[29].Stats[2].SPD,0
CharactersAll[29].Stats[2].LUC,0
CharactersAll[29].Stats[2].OBS,0
CharactersAll[29].Stats[2].HealPower,0
CharactersAll[29].Stats[2].RCreates,0
CharactersAll[29].Stats[2].GCreates,0
CharactersAll[29].Stats[2].BCreates,0
CharactersAll[29].Stats[2].PaintPixels,0
CharactersAll[29].Stats[3].HPMax,0
CharactersAll[29].Stats[3].HPCur,0
CharactersAll[29].Stats[3].ATK,0
CharactersAll[29].Stats[3].DEF,0
CharactersAll[29].Stats[3].SPD,0
CharactersAll[29].Stats[3].LUC,0
CharactersAll[29].Stats[3].OBS,0
CharactersAll[29].Stats[3].HealPower,0
CharactersAll[29].Stats[3].RCreates,0
CharactersAll[29].Stats[3].GCreates,0
CharactersAll[29].Stats[3].BCreates,0
CharactersAll[29].Stats[3].PaintPixels,0
CharactersAll[29].Stats[4].HPMax,0
CharactersAll[29].Stats[4].HPCur,0
CharactersAll[29].Stats[4].ATK,0
CharactersAll[29].Stats[4].DEF,0
CharactersAll[29].Stats[4].SPD,0
CharactersAll[29].Stats[4].LUC,0
CharactersAll[29].Stats[4].OBS,0
CharactersAll[29].Stats[4].HealPower,0
CharactersAll[29].Stats[4].RCreates,0
CharactersAll[29].Stats[4].GCreates,0
CharactersAll[29].Stats[4].BCreates,0
CharactersAll[29].Stats[4].PaintPixels,0
CharactersAll[29].FlagFNT,false
CharactersAll[29].Whereabouts,None
CharactersAll[30].KnownPixels,0
CharactersAll[30].OwnedNumMax,0
CharactersAll[30].OwnedNumCur,0
CharactersAll[30].ReincarnationTimes,0
CharactersAll[30].Level,0
CharactersAll[30].Exp,0
CharactersAll[30].ExpMax,0
CharactersAll[30].Stats[0].HPMax,0
CharactersAll[30].Stats[0].HPCur,0
CharactersAll[30].Stats[0].ATK,0
CharactersAll[30].Stats[0].DEF,0
CharactersAll[30].Stats[0].SPD,0
CharactersAll[30].Stats[0].LUC,0
CharactersAll[30].Stats[0].OBS,0
CharactersAll[30].Stats[0].HealPower,0
CharactersAll[30].Stats[0].RCreates,0
CharactersAll[30].Stats[0].GCreates,0
CharactersAll[30].Stats[0].BCreates,0
CharactersAll[30].Stats[0].PaintPixels,0
CharactersAll[30].Stats[1].HPMax,0
CharactersAll[30].Stats[1].HPCur,0
CharactersAll[30].Stats[1].ATK,0
CharactersAll[30].Stats[1].DEF,0
CharactersAll[30].Stats[1].SPD,0
CharactersAll[30].Stats[1].LUC,0
CharactersAll[30].Stats[1].OBS,0
CharactersAll[30].Stats[1].HealPower,0
CharactersAll[30].Stats[1].RCreates,0
CharactersAll[30].Stats[1].GCreates,0
CharactersAll[30].Stats[1].BCreates,0
CharactersAll[30].Stats[1].PaintPixels,0
CharactersAll[30].Stats[2].HPMax,0
CharactersAll[30].Stats[2].HPCur,0
CharactersAll[30].Stats[2].ATK,0
CharactersAll[30].Stats[2].DEF,0
CharactersAll[30].Stats[2].SPD,0
CharactersAll[30].Stats[2].LUC,0
CharactersAll[30].Stats[2].OBS,0
CharactersAll[30].Stats[2].HealPower,0
CharactersAll[30].Stats[2].RCreates,0
CharactersAll[30].Stats[2].GCreates,0
CharactersAll[30].Stats[2].BCreates,0
CharactersAll[30].Stats[2].PaintPixels,0
CharactersAll[30].Stats[3].HPMax,0
CharactersAll[30].Stats[3].HPCur,0
CharactersAll[30].Stats[3].ATK,0
CharactersAll[30].Stats[3].DEF,0
CharactersAll[30].Stats[3].SPD,0
CharactersAll[30].Stats[3].LUC,0
CharactersAll[30].Stats[3].OBS,0
CharactersAll[30].Stats[3].HealPower,0
CharactersAll[30].Stats[3].RCreates,0
CharactersAll[30].Stats[3].GCreates,0
CharactersAll[30].Stats[3].BCreates,0
CharactersAll[30].Stats[3].PaintPixels,0
CharactersAll[30].Stats[4].HPMax,0
CharactersAll[30].Stats[4].HPCur,0
CharactersAll[30].Stats[4].ATK,0
CharactersAll[30].Stats[4].DEF,0
CharactersAll[30].Stats[4].SPD,0
CharactersAll[30].Stats[4].LUC,0
CharactersAll[30].Stats[4].OBS,0
CharactersAll[30].Stats[4].HealPower,0
CharactersAll[30].Stats[4].RCreates,0
CharactersAll[30].Stats[4].GCreates,0
CharactersAll[30].Stats[4].BCreates,0
CharactersAll[30].Stats[4].PaintPixels,0
CharactersAll[30].FlagFNT,false
CharactersAll[30].Whereabouts,None
CharactersAll[31].KnownPixels,0
CharactersAll[31].OwnedNumMax,0
CharactersAll[31].OwnedNumCur,0
CharactersAll[31].ReincarnationTimes,0
CharactersAll[31].Level,0
CharactersAll[31].Exp,0
CharactersAll[31].ExpMax,0
CharactersAll[31].Stats[0].HPMax,0
CharactersAll[31].Stats[0].HPCur,0
CharactersAll[31].Stats[0].ATK,0
CharactersAll[31].Stats[0].DEF,0
CharactersAll[31].Stats[0].SPD,0
CharactersAll[31].Stats[0].LUC,0
CharactersAll[31].Stats[0].OBS,0
CharactersAll[31].Stats[0].HealPower,0
CharactersAll[31].Stats[0].RCreates,0
CharactersAll[31].Stats[0].GCreates,0
CharactersAll[31].Stats[0].BCreates,0
CharactersAll[31].Stats[0].PaintPixels,0
CharactersAll[31].Stats[1].HPMax,0
CharactersAll[31].Stats[1].HPCur,0
CharactersAll[31].Stats[1].ATK,0
CharactersAll[31].Stats[1].DEF,0
CharactersAll[31].Stats[1].SPD,0
CharactersAll[31].Stats[1].LUC,0
CharactersAll[31].Stats[1].OBS,0
CharactersAll[31].Stats[1].HealPower,0
CharactersAll[31].Stats[1].RCreates,0
CharactersAll[31].Stats[1].GCreates,0
CharactersAll[31].Stats[1].BCreates,0
CharactersAll[31].Stats[1].PaintPixels,0
CharactersAll[31].Stats[2].HPMax,0
CharactersAll[31].Stats[2].HPCur,0
CharactersAll[31].Stats[2].ATK,0
CharactersAll[31].Stats[2].DEF,0
CharactersAll[31].Stats[2].SPD,0
CharactersAll[31].Stats[2].LUC,0
CharactersAll[31].Stats[2].OBS,0
CharactersAll[31].Stats[2].HealPower,0
CharactersAll[31].Stats[2].RCreates,0
CharactersAll[31].Stats[2].GCreates,0
CharactersAll[31].Stats[2].BCreates,0
CharactersAll[31].Stats[2].PaintPixels,0
CharactersAll[31].Stats[3].HPMax,0
CharactersAll[31].Stats[3].HPCur,0
CharactersAll[31].Stats[3].ATK,0
CharactersAll[31].Stats[3].DEF,0
CharactersAll[31].Stats[3].SPD,0
CharactersAll[31].Stats[3].LUC,0
CharactersAll[31].Stats[3].OBS,0
CharactersAll[31].Stats[3].HealPower,0
CharactersAll[31].Stats[3].RCreates,0
CharactersAll[31].Stats[3].GCreates,0
CharactersAll[31].Stats[3].BCreates,0
CharactersAll[31].Stats[3].PaintPixels,0
CharactersAll[31].Stats[4].HPMax,0
CharactersAll[31].Stats[4].HPCur,0
CharactersAll[31].Stats[4].ATK,0
CharactersAll[31].Stats[4].DEF,0
CharactersAll[31].Stats[4].SPD,0
CharactersAll[31].Stats[4].LUC,0
CharactersAll[31].Stats[4].OBS,0
CharactersAll[31].Stats[4].HealPower,0
CharactersAll[31].Stats[4].RCreates,0
CharactersAll[31].Stats[4].GCreates,0
CharactersAll[31].Stats[4].BCreates,0
CharactersAll[31].Stats[4].PaintPixels,0
CharactersAll[31].FlagFNT,false
CharactersAll[31].Whereabouts,None
CharactersAll[32].KnownPixels,0
CharactersAll[32].OwnedNumMax,0
CharactersAll[32].OwnedNumCur,1
CharactersAll[32].ReincarnationTimes,0
CharactersAll[32].Level,0
CharactersAll[32].Exp,0
CharactersAll[32].ExpMax,0
CharactersAll[32].Stats[0].HPMax,6474960
CharactersAll[32].Stats[0].HPCur,6474960
CharactersAll[32].Stats[0].ATK,4458938
CharactersAll[32].Stats[0].DEF,1579062
CharactersAll[32].Stats[0].SPD,48
CharactersAll[32].Stats[0].LUC,71
CharactersAll[32].Stats[0].OBS,1
CharactersAll[32].Stats[0].HealPower,0
CharactersAll[32].Stats[0].RCreates,2585
CharactersAll[32].Stats[0].GCreates,3330
CharactersAll[32].Stats[0].BCreates,2549
CharactersAll[32].Stats[0].PaintPixels,0
CharactersAll[32].Stats[1].HPMax,6474960
CharactersAll[32].Stats[1].HPCur,6474960
CharactersAll[32].Stats[1].ATK,4458938
CharactersAll[32].Stats[1].DEF,1579062
CharactersAll[32].Stats[1].SPD,48
CharactersAll[32].Stats[1].LUC,71
CharactersAll[32].Stats[1].OBS,1
CharactersAll[32].Stats[1].HealPower,0
CharactersAll[32].Stats[1].RCreates,2585
CharactersAll[32].Stats[1].GCreates,3330
CharactersAll[32].Stats[1].BCreates,2549
CharactersAll[32].Stats[1].PaintPixels,0
CharactersAll[32].Stats[2].HPMax,0
CharactersAll[32].Stats[2].HPCur,0
CharactersAll[32].Stats[2].ATK,0
CharactersAll[32].Stats[2].DEF,0
CharactersAll[32].Stats[2].SPD,0
CharactersAll[32].Stats[2].LUC,0
CharactersAll[32].Stats[2].OBS,0
CharactersAll[32].Stats[2].HealPower,0
CharactersAll[32].Stats[2].RCreates,0
CharactersAll[32].Stats[2].GCreates,0
CharactersAll[32].Stats[2].BCreates,0
CharactersAll[32].Stats[2].PaintPixels,0
CharactersAll[32].Stats[3].HPMax,0
CharactersAll[32].Stats[3].HPCur,0
CharactersAll[32].Stats[3].ATK,0
CharactersAll[32].Stats[3].DEF,0
CharactersAll[32].Stats[3].SPD,0
CharactersAll[32].Stats[3].LUC,0
CharactersAll[32].Stats[3].OBS,0
CharactersAll[32].Stats[3].HealPower,0
CharactersAll[32].Stats[3].RCreates,0
CharactersAll[32].Stats[3].GCreates,0
CharactersAll[32].Stats[3].BCreates,0
CharactersAll[32].Stats[3].PaintPixels,0
CharactersAll[32].Stats[4].HPMax,0
CharactersAll[32].Stats[4].HPCur,0
CharactersAll[32].Stats[4].ATK,0
CharactersAll[32].Stats[4].DEF,0
CharactersAll[32].Stats[4].SPD,0
CharactersAll[32].Stats[4].LUC,0
CharactersAll[32].Stats[4].OBS,0
CharactersAll[32].Stats[4].HealPower,0
CharactersAll[32].Stats[4].RCreates,0
CharactersAll[32].Stats[4].GCreates,0
CharactersAll[32].Stats[4].BCreates,0
CharactersAll[32].Stats[4].PaintPixels,0
CharactersAll[32].FlagFNT,false
CharactersAll[32].Whereabouts,None
CurR,508
CurG,0
CurB,0
MaxR,1024
MaxG,1024
MaxB,1024
CostMaxRUp,512
CostMaxGUp,512
CostMaxBUp,512
IncreaseValueR,2
IncreaseValueG,1
IncreaseValueB,1
CostIncreaseValueRUp,16
CostIncreaseValueGUp,16
CostIncreaseValueBUp,16
CharactersIDHelpProductionR[1],1
CharactersIDHelpProductionR[2],0
CharactersIDHelpProductionR[3],0
CharactersIDHelpProductionG[1],0
CharactersIDHelpProductionG[2],0
CharactersIDHelpProductionG[3],0
CharactersIDHelpProductionB[1],0
CharactersIDHelpProductionB[2],0
CharactersIDHelpProductionB[3],0
